inst_nm,inst_code,appl_code,kind_code,tx_code,upmu_nm
한네트,043,R430,0200,404001,[404001]3행이체MS시간외
한네트,043,R430,0200,404100,[404100]3행이체IC
한네트,043,R430,0200,510000,[510000]현금입금MS
한네트,043,R430,0200,510100,[510100]현금입금IC
한네트,043,R430,0400,011000,[011000]현금지급MS시간내
한네트,043,R430,0400,011011,[011011]현금지급MS시간외
한네트,043,R430,0400,011100,[011100]현금지급IC
한네트,043,R430,0800,000160,[000160]단말정보등록
한네트,043,R430,0800,000301,[000301]회선시험
한네트,043,S430,0800,000001,[000001]업무개시
한네트,043,S430,0800,000002,[000002]업무종료예고
한네트,043,S430,0800,000040,[000040]업무종료
한네트,043,S430,0800,000301,[000301]회선시험
한네트,043,S430,0800,000888,[000888]장애해제
한네트,043,S430,0800,000999,[000999]장애통보
한네트,043,S430,0810,000001,[000001]업무개시
한네트,043,S430,0810,000002,[000002]업무종료예고
한네트,043,S430,0810,000040,[000040]업무종료
한네트,043,S430,0810,000301,[000301]회선시험
한네트,043,S430,0810,000888,[000888]장애해제
한네트,043,S430,0810,000999,[000999]장애통보
효성티엔에스,046,R460,0200,011000,[011000]현금지급MS시간내
효성티엔에스,046,R460,0200,011011,[011011]현금지급MS시간외
효성티엔에스,046,R460,0200,011100,[011100]현금지급IC
효성티엔에스,046,R460,0200,310020,[310020]동행이체수취조회MS시간내
효성티엔에스,046,R460,0200,310021,[310021]동행이체수취조회MS시간외
효성티엔에스,046,R460,0200,310026,[310026]입금이체수취조회MS시간내
효성티엔에스,046,R460,0200,310027,[310027]입금이체수취조회MS시간외
효성티엔에스,046,R460,0200,310028,[310028]출금이체수취조회MS시간내
효성티엔에스,046,R460,0200,310029,[310029]출금이체수취조회MS시간외
효성티엔에스,046,R460,0200,310040,[310040]3행이체수취조회MS시간내
효성티엔에스,046,R460,0200,310041,[310041]3행이체수취조회MS시간외
효성티엔에스,046,R460,0200,310120,[310120]동행이체수취조회IC
효성티엔에스,046,R460,0200,310126,[310126]입금이체수취조회IC
효성티엔에스,046,R460,0200,310128,[310128]출금이체수취조회IC
효성티엔에스,046,R460,0200,310140,[310140]3행이체수취조회IC
효성티엔에스,046,R460,0200,311000,[311000]잔액조회MS
효성티엔에스,046,R460,0200,311050,[311050]현금입금수취조회MS
효성티엔에스,046,R460,0200,311100,[311100]잔액조회IC
효성티엔에스,046,R460,0200,311150,[311150]현금입금수취조회IC
효성티엔에스,046,R460,0200,316020,[316020]현급지급수수료조회MS
효성티엔에스,046,R460,0200,316120,[316120]현급지급수수료조회IC
효성티엔에스,046,R460,0200,400000,[400000]동행이체MS시간내
효성티엔에스,046,R460,0200,400001,[400001]동행이체MS시간외
효성티엔에스,046,R460,0200,400020,[400020]입금이체MS시간내
효성티엔에스,046,R460,0200,400021,[400021]입금이체MS시간외
효성티엔에스,046,R460,0200,400100,[400100]동행이체IC
효성티엔에스,046,R460,0200,400120,[400120]입금이체IC
효성티엔에스,046,R460,0200,402000,[402000]출금이체MS시간내
효성티엔에스,046,R460,0200,402001,[402001]출금이체MS시간외
효성티엔에스,046,R460,0200,402100,[402100]출금이체IC
효성티엔에스,046,R460,0200,404000,[404000]3행이체MS시간내
효성티엔에스,046,R460,0200,404001,[404001]3행이체MS시간외
효성티엔에스,046,R460,0200,404100,[404100]3행이체IC
효성티엔에스,046,R460,0200,510000,[510000]현금입금MS
효성티엔에스,046,R460,0200,510100,[510100]현금입금IC
효성티엔에스,046,R460,0400,011000,[011000]현금지급MS시간내
효성티엔에스,046,R460,0400,011011,[011011]현금지급MS시간외
효성티엔에스,046,R460,0400,011100,[011100]현금지급IC
효성티엔에스,046,R460,0800,000160,[000160]단말정보등록
효성티엔에스,046,R460,0800,000301,[000301]회선시험
효성티엔에스,046,S460,0800,000001,[000001]업무개시
효성티엔에스,046,S460,0800,000002,[000002]업무종료예고
효성티엔에스,046,S460,0800,000040,[000040]업무종료
효성티엔에스,046,S460,0800,000301,[000301]회선시험
효성티엔에스,046,S460,0800,000888,[000888]장애해제
효성티엔에스,046,S460,0800,000999,[000999]장애통보
효성티엔에스,046,S460,0810,000001,[000001]업무개시
효성티엔에스,046,S460,0810,000002,[000002]업무종료예고
효성티엔에스,046,S460,0810,000040,[000040]업무종료
효성티엔에스,046,S460,0810,000301,[000301]회선시험
효성티엔에스,046,S460,0810,000888,[000888]장애해제
효성티엔에스,046,S460,0810,000999,[000999]장애통보
ATM플러스,047,R470,0200,011000,[011000]현금지급MS시간내
ATM플러스,047,R470,0200,011011,[011011]현금지급MS시간외
ATM플러스,047,R470,0200,011100,[011100]현금지급IC
ATM플러스,047,R470,0200,310020,[310020]동행이체수취조회MS시간내
ATM플러스,047,R470,0200,310021,[310021]동행이체수취조회MS시간외
ATM플러스,047,R470,0200,310026,[310026]입금이체수취조회MS시간내
ATM플러스,047,R470,0200,310027,[310027]입금이체수취조회MS시간외
ATM플러스,047,R470,0200,310028,[310028]출금이체수취조회MS시간내
ATM플러스,047,R470,0200,310029,[310029]출금이체수취조회MS시간외
ATM플러스,047,R470,0200,310040,[310040]3행이체수취조회MS시간내
ATM플러스,047,R470,0200,310041,[310041]3행이체수취조회MS시간외
ATM플러스,047,R470,0200,310120,[310120]동행이체수취조회IC
ATM플러스,047,R470,0200,310126,[310126]입금이체수취조회IC
ATM플러스,047,R470,0200,310128,[310128]출금이체수취조회IC
ATM플러스,047,R470,0200,310140,[310140]3행이체수취조회IC
ATM플러스,047,R470,0200,311000,[311000]잔액조회MS
ATM플러스,047,R470,0200,311100,[311100]잔액조회IC
ATM플러스,047,R470,0200,316020,[316020]현급지급수수료조회MS
ATM플러스,047,R470,0200,316120,[316120]현급지급수수료조회IC
ATM플러스,047,R470,0200,400000,[400000]동행이체MS시간내
ATM플러스,047,R470,0200,400001,[400001]동행이체MS시간외
ATM플러스,047,R470,0200,400020,[400020]입금이체MS시간내
ATM플러스,047,R470,0200,400021,[400021]입금이체MS시간외
ATM플러스,047,R470,0200,400100,[400100]동행이체IC
ATM플러스,047,R470,0200,400120,[400120]입금이체IC
ATM플러스,047,R470,0200,402000,[402000]출금이체MS시간내
ATM플러스,047,R470,0200,402001,[402001]출금이체MS시간외
ATM플러스,047,R470,0200,402100,[402100]출금이체IC
ATM플러스,047,R470,0200,404000,[404000]3행이체MS시간내
ATM플러스,047,R470,0200,404001,[404001]3행이체MS시간외
ATM플러스,047,R470,0200,404100,[404100]3행이체IC
ATM플러스,047,R470,0400,011000,[011000]현금지급MS시간내
ATM플러스,047,R470,0400,011011,[011011]현금지급MS시간외
ATM플러스,047,R470,0400,011100,[011100]현금지급IC
ATM플러스,047,R470,0800,000160,[000160]단말정보등록
ATM플러스,047,R470,0800,000301,[000301]회선시험
ATM플러스,047,S470,0800,000001,[000001]업무개시
ATM플러스,047,S470,0800,000002,[000002]업무종료예고
ATM플러스,047,S470,0800,000040,[000040]업무종료
ATM플러스,047,S470,0800,000301,[000301]회선시험
ATM플러스,047,S470,0800,000888,[000888]장애해제
ATM플러스,047,S470,0800,000999,[000999]장애통보
ATM플러스,047,S470,0810,000001,[000001]업무개시
ATM플러스,047,S470,0810,000002,[000002]업무종료예고
ATM플러스,047,S470,0810,000040,[000040]업무종료
ATM플러스,047,S470,0810,000301,[000301]회선시험
ATM플러스,047,S470,0810,000888,[000888]장애해제
ATM플러스,047,S470,0810,000999,[000999]장애통보
나이스평가정보,052,R523,0300,1110,[1110]시재조회
나이스평가정보,052,R523,0300,1120,[1120]거래내역조회
나이스평가정보,052,R523,0300,1130,[1130]마감조회
나이스평가정보,052,S522,0200,1F003,[1F003]MyReport요청
나이스평가정보,052,S522,0200,24001,[24001]사업자MyReport요청
나이스평가정보,052,S522,0210,1F003,[1F003]MyReport요청
나이스평가정보,052,S522,0210,24001,[24001]사업자MyReport요청
나이스평가정보,052,S522,0800,99999,[99999]테스트콜
나이스평가정보,052,S522,0810,99999,[99999]테스트콜
나이스평가정보,052,S523,0100,1110,[1110]장애통보
나이스평가정보,052,S523,0110,1110,[1110]장애통보
나이스평가정보,052,S524,0200,73035,[73035]휴대폰인증및인증문자발송
나이스평가정보,052,S524,0200,73045,[73045]휴대폰인증및인증문자발송(생년월일)
나이스평가정보,052,S524,0200,73070,[73070]아이핀부가정보(CI)요청
나이스평가정보,052,S524,0200,73081,[73081]아이핀부가정보
나이스평가정보,052,S524,0200,730MC,[730MC]스마트멀티간편인증요청
나이스평가정보,052,S524,0200,730MO,[730MO]MO수신확인요청
나이스평가정보,052,S524,0200,740AK,[740AK]공개키요청
나이스평가정보,052,S524,0200,741AK,[741AK]이용기관 대칭키등록
나이스평가정보,052,S524,0210,73035,[73035]휴대폰인증및인증문자발송
나이스평가정보,052,S524,0210,73045,[73045]휴대폰인증및인증문자발송(생년월일)
나이스평가정보,052,S524,0210,73070,[73070]아이핀부가정보(CI)요청
나이스평가정보,052,S524,0210,73081,[73081]아이핀부가정보
나이스평가정보,052,S524,0210,730MC,[730MC]스마트멀티간편인증요청
나이스평가정보,052,S524,0210,730MO,[730MO]MO수신확인요청
나이스평가정보,052,S524,0210,740AK,[740AK]공개키요청
나이스평가정보,052,S524,0210,741AK,[741AK]이용기관 대칭키등록
나이스평가정보,052,S524,0300,73035,[73035]휴대폰인증번호확인
나이스평가정보,052,S524,0300,73045,[73045]휴대폰인증번호확인(생년월일)
나이스평가정보,052,S524,0310,73035,[73035]휴대폰인증번호확인
나이스평가정보,052,S524,0310,73045,[73045]휴대폰인증번호확인(생년월일)
나이스평가정보,052,S524,0800,93000,[93000]회선시험
나이스평가정보,052,S524,0810,93000,[93000]회선시험
신한카드,055,R551,0010,0100,[0100]트랙3정보
신한카드,055,R551,0010,0400,[0400]IC트랙3정보
신한카드,055,R556,0200,311,[311]승인취소
신한카드,055,R556,0200,320,[320]승인
신한카드,055,R556,0700,270,[270]모계좌집계조회
신한카드,055,R557,0100,100,[100]지급처리
신한카드,055,R557,0600,300,[300]잔액조회
신한카드,055,R557,0700,100,[100]집계처리
신한카드,055,R558,0200,312,[312]환불입금
신한카드,055,S551,0010,0200,[0200]발급진행상황조회
신한카드,055,S551,0020,0200,[0200]발급진행상황조회
신한카드,055,S556,0800,201,[201]업무개시
신한카드,055,S556,0800,203,[203]업무종료
신한카드,055,S556,0800,204,[204]장애통보
신한카드,055,S556,0800,205,[205]장애회복
신한카드,055,S556,0800,301,[301]회선시험
신한카드,055,S556,0810,201,[201]업무개시
신한카드,055,S556,0810,203,[203]업무종료
신한카드,055,S556,0810,204,[204]장애통보
신한카드,055,S556,0810,205,[205]장애회복
신한카드,055,S556,0810,301,[301]회선시험
신한카드,055,S557,0400,100,[100]불능처리
신한카드,055,S557,0410,100,[100]불능처리
신한카드,055,S559,0200,001,[001]발급
신한카드,055,S559,0210,001,[001]발급
우리카드,056,R564,0010,0100,[0100]트랙3정보
우리카드,056,R564,0010,0300,[0300]카드합격탈락정보
우리카드,056,S564,0010,0200,[0200]발급진행상황조회
우리카드,056,S564,0020,0200,[0200]발급진행상황조회
코스콤,060,R600,0100,100,[100]업무운영
코스콤,060,R600,0200,100,[100]사기이용계좌지급정지요청
코스콤,060,R600,0200,200,[200]사기이용계좌지급정지요청 내역통보
코스콤,060,R600,0200,500,[500]본인계좌 일괄지급정지요청
코스콤,060,R600,0300,100,[100]피해자소유계좌_사기이용계좌 입출금내역조회
코스콤,060,R600,0300,200,[200]지급정지 처리결과조회
코스콤,060,R600,0300,400,[400]사기피해자계좌사기이용계좌 입출금내역 조회(연속)
코스콤,060,R600,0300,500,[500]자사 보유계좌조회
코스콤,060,R600,0300,600,[600]본인계좌 일괄지급정지 대상기관조회
코스콤,060,S600,0100,100,[100]업무운영
코스콤,060,S600,0100,200,[200]회선체크
코스콤,060,S600,0110,100,[100]업무운영
코스콤,060,S600,0110,200,[200]회선체크
코스콤,060,S600,0200,300,[300]공통비밀번호관리
코스콤,060,S600,0200,600,[600]본인확인결과통보
코스콤,060,S600,0210,300,[300]공통비밀번호관리
코스콤,060,S600,0210,600,[600]본인확인결과통보
코스콤,060,S600,0800,100,[100]TEST시뮬레이션
코스콤,060,S600,0810,100,[100]TEST시뮬레이션
은행연합회,061,R610,0200,210,[210]세금우대금융기관등록내용조회
은행연합회,061,R610,0400,295,[295]지급정지등록및취소요청
은행연합회,061,R610,0800,100,[100]세금우대 개시처리
은행연합회,061,R610,0800,101,[101]세금우대 재개시 처리
은행연합회,061,R610,0800,200,[200]세금우대 종료 예고처리
은행연합회,061,R610,0800,201,[201]세금우대 종료처리
은행연합회,061,R610,0800,300,[300]세금우대 TestCall
은행연합회,061,R610,0800,400,[400]세금우대 시스템 장애 처리
은행연합회,061,R610,0800,500,[500]세금우대 시스템 장애회복 처리
은행연합회,061,R610,T900,291,[291]전화금융사기계좌명의인등록
은행연합회,061,S610,0200,200,[200]세금우대한도조회
은행연합회,061,S610,0200,201,[201]세금우대 추가가입 금액조회
은행연합회,061,S610,0200,205,[205]세금우대 저축종류별 한도조회
은행연합회,061,S610,0200,206,[206]세금우대 금융소득종합과세대상자 여부 조회
은행연합회,061,S610,0200,210,[210]세금우대전금융기관등록내용조회
은행연합회,061,S610,0200,290,[290]전화금융사기계좌명의인등록내용조회
은행연합회,061,S610,0200,311,[311]연금납입정보조회
은행연합회,061,S610,0200,312,[312]과세제외금액정보조회
은행연합회,061,S610,0200,500,[500]예금계좌개설정보단기간다수계좌개설여부조회
은행연합회,061,S610,0200,501,[501]대포통장명의인정보조회
은행연합회,061,S610,0200,502,[502]단기간다수계좌개설자및대포통장명의인여부조회
은행연합회,061,S610,0210,200,[200]세금우대한도조회
은행연합회,061,S610,0210,201,[201]세금우대 추가가입 금액조회
은행연합회,061,S610,0210,205,[205]세금우대 저축종류별 한도조회
은행연합회,061,S610,0210,206,[206]세금우대 금융소득종합과세대상자 여부 조회
은행연합회,061,S610,0210,210,[210]세금우대전금융기관등록내용조회
은행연합회,061,S610,0210,290,[290]전화금융사기계좌명의인등록내용조회
은행연합회,061,S610,0210,311,[311]연금납입정보조회
은행연합회,061,S610,0210,312,[312]과세제외금액정보조회
은행연합회,061,S610,0210,500,[500]예금계좌개설정보단기간다수계좌개설여부조회
은행연합회,061,S610,0210,501,[501]대포통장명의인정보조회
은행연합회,061,S610,0210,502,[502]단기간다수계좌개설자및대포통장명의인여부조회
은행연합회,061,S610,0300,210,[210]세금우대전금융기관등록내용추가조회
은행연합회,061,S610,0300,290,[290]전화금융사기계좌명의인등록내용추가조회
은행연합회,061,S610,0300,311,[311]연금납입정보추가조회
은행연합회,061,S610,0300,312,[312]과세제외금액정보추가조회
은행연합회,061,S610,0300,500,[500]예금계좌개설정보단기간다수계좌개설여부추가조회
은행연합회,061,S610,0300,501,[501]대포통장명의인정보추가조회
은행연합회,061,S610,0310,210,[210]세금우대전금융기관등록내용추가조회
은행연합회,061,S610,0310,290,[290]전화금융사기계좌명의인등록내용추가조회
은행연합회,061,S610,0310,311,[311]연금납입정보추가조회
은행연합회,061,S610,0310,312,[312]과세제외금액정보추가조회
은행연합회,061,S610,0310,500,[500]예금계좌개설정보단기간다수계좌개설여부추가조회
은행연합회,061,S610,0310,501,[501]대포통장명의인정보추가조회
은행연합회,061,S610,0400,210,[210]세금우대등록
은행연합회,061,S610,0400,215,[215]ISA계좌등록
은행연합회,061,S610,0400,290,[290]전화금융사기계좌명의인등록
은행연합회,061,S610,0400,295,[295]지급정지등록및취소요청
은행연합회,061,S610,0400,311,[311]연금납입정보등록정정삭제
은행연합회,061,S610,0400,312,[312]과세제외금액정보등록정정삭제
은행연합회,061,S610,0400,500,[500]예금계좌개설정보등록및해지
은행연합회,061,S610,0400,501,[501]대포통장명의인정보등록및해지
은행연합회,061,S610,0410,210,[210]세금우대등록
은행연합회,061,S610,0410,215,[215]ISA계좌등록
은행연합회,061,S610,0410,290,[290]전화금융사기계좌명의인등록
은행연합회,061,S610,0410,295,[295]지급정지등록및취소요청
은행연합회,061,S610,0410,311,[311]연금납입정보등록정정삭제
은행연합회,061,S610,0410,312,[312]과세제외금액정보등록정정삭제
은행연합회,061,S610,0410,500,[500]예금계좌개설정보등록및해지
은행연합회,061,S610,0410,501,[501]대포통장명의인정보등록및해지
은행연합회,061,S610,0500,210,[210]세금우대 해지
은행연합회,061,S610,0510,210,[210]세금우대 해지
은행연합회,061,S610,0600,210,[210]세금우대 정정
은행연합회,061,S610,0600,230,[230]세금우대 삭제
은행연합회,061,S610,0610,210,[210]세금우대 정정
은행연합회,061,S610,0610,230,[230]세금우대 삭제
은행연합회,061,S610,0700,200,[200]세금우대 집계표 조회
은행연합회,061,S610,0710,200,[200]세금우대 집계표 조회
은행연합회,061,S610,0800,300,[300]Test Call
은행연합회,061,S610,9500,210,[210]세금우대 해지취소
은행연합회,061,S610,9510,210,[210]세금우대 해지취소
SK플래닛,073,S730,A010,A01,[A01]회선체크
SK플래닛,073,S730,A011,A01,[A01]회선체크
SK플래닛,073,S730,A960,A96,[A96]제휴처사용 동의고객 반영
SK플래닛,073,S730,A961,A96,[A96]제휴처사용 동의고객 반영
SK플래닛,073,S730,K300,K30,[K30]CI적립승인
SK플래닛,073,S730,K301,K30,[K30]CI적립승인
SK플래닛,073,S730,K320,K32,[K32]CI차감승인
SK플래닛,073,S730,K321,K32,[K32]CI차감승인
SK플래닛,073,S730,K400,K40,[K40]CI거래승인
SK플래닛,073,S730,K401,K40,[K40]CI거래승인
SK플래닛,073,S730,K410,K41,[K41]CI거래승인취소
SK플래닛,073,S730,K411,K41,[K41]CI거래승인취소
SK플래닛,073,S730,W300,W30,[W30]포인트조회
SK플래닛,073,S730,W301,W30,[W30]포인트조회
씽크에이티,089,R891,ES,01,[01]미지정단말이체
씽크에이티,089,S890,CQ,01,[01]아이디조회
씽크에이티,089,S890,CQ,02,[02]공인인증서관리
씽크에이티,089,S890,CQ,03,[03]단말기지정관리
씽크에이티,089,S890,CQ,05,[05]미지정단말이체
씽크에이티,089,S890,CQ,06,[06]고객정보변경
씽크에이티,089,S890,CQ,07,[07]서비스관리
씽크에이티,089,S890,CR,01,[01]아이디조회
씽크에이티,089,S890,CR,02,[02]공인인증서관리
씽크에이티,089,S890,CR,03,[03]단말기지정관리
씽크에이티,089,S890,CR,05,[05]미지정단말이체
씽크에이티,089,S890,CR,06,[06]고객정보변경
씽크에이티,089,S890,CR,07,[07]서비스관리
씽크에이티,089,S890,TQ,01,[01]TEST POLL요청
씽크에이티,089,S891,CQ,01,[01]미지정단말이체
씽크에이티,089,S891,CR,01,[01]미지정단말이체
씽크에이티,089,S891,TQ,01,[01]TEST POLL요청
이지스엔터프라이즈,091,S910,0200,101,[101]신청자등록해지
이지스엔터프라이즈,091,S910,0210,101,[101]신청자등록해지
KB캐피탈,103,SKB1,0200,001,[001]개인신용정보송신
KB캐피탈,103,SKB1,0200,002,[002]개인신용정보송신(렌터카)
KB캐피탈,103,SKB1,0200,900,[900]개인신용정보송신(미동의)
KB캐피탈,103,SKB1,0210,001,[001]개인신용정보송신
KB캐피탈,103,SKB1,0210,002,[002]개인신용정보송신(렌터카)
KB캐피탈,103,SKB1,0210,900,[900]개인신용정보송신(미동의)
KB캐피탈,103,SKB1,0800,999,[999]회선체크
KB캐피탈,103,SKB1,0810,999,[999]회선체크
한국신용정보원,116,SFS0,0200,268,[268]안심차단 신청 상세 정보 조회
한국신용정보원,116,SFS0,0210,268,[268]안심차단 신청 상세 정보 조회
한국신용정보원,116,SFS0,0800,300,[300]회선시험
한국신용정보원,116,SFS0,0810,300,[300]회선시험
KB국민카드,125,RKC0,0200,010030,[010030]LiivMate회원정보통보
KB국민카드,125,RKC0,0200,030010,[030010]포인트리계좌입금
KB국민카드,125,RKC0,0200,040040,[040040]OCB회원정보 조회
KB국민카드,125,RKC0,0200,050050,[050050]카드발급심사관련고객정보제공
KB국민카드,125,RKC1,3240,001,[001]카드수령등록
KB국민카드,125,RKC1,3260,001,[001]TOKEN발급정보송부
KB국민카드,125,RKC1,3330,001,[001]ISP본인인증거래내역
KB국민카드,125,RKC1,3340,001,[001]ISP등록정보조회
KB국민카드,125,RKC1,3460,001,[001]선택형서비스변경
KB국민카드,125,RKC1,3461,001,[001]선택형서비스변경
KB국민카드,125,RKC1,3630,001,[001]사고자등해제
KB국민카드,125,RKC1,3900,301,[301]통신망관리
KB국민카드,125,RKC2,2000,100,[100]통합승인전문(승인)
KB국민카드,125,RKC2,2000,150,[150]통합승인전문(선거절)
KB국민카드,125,RKC2,2010,100,[100]통합승인전문(취소)
KB국민카드,125,RKC2,2030,110,[110]KT본인인증거래
KB국민카드,125,SKC0,0200,010010,[010010]포인트리적립
KB국민카드,125,SKC0,0200,010060,[010060]포인트리이벤트등록
KB국민카드,125,SKC0,0200,020010,[020010]포인트리사용
KB국민카드,125,SKC0,0200,040010,[040010]플랫폼회원정보조회
KB국민카드,125,SKC0,0200,040020,[040020]포인트리조회
KB국민카드,125,SKC0,0200,040030,[040030]포인트리 거래내역조회
KB국민카드,125,SKC0,0200,040070,[040070]포인트리이벤트정보조회
KB국민카드,125,SKC0,0200,040080,[040080]포인트리내역조회
KB국민카드,125,SKC0,0210,010010,[010010]포인트리적립
KB국민카드,125,SKC0,0210,010060,[010060]포인트리이벤트등록
KB국민카드,125,SKC0,0210,020010,[020010]포인트리사용
KB국민카드,125,SKC0,0210,040010,[040010]플랫폼회원정보조회
KB국민카드,125,SKC0,0210,040020,[040020]포인트리조회
KB국민카드,125,SKC0,0210,040030,[040030]포인트리 거래내역조회
KB국민카드,125,SKC0,0210,040070,[040070]포인트리이벤트정보조회
KB국민카드,125,SKC0,0210,040080,[040080]포인트리내역조회
KB국민카드,125,SKC1,3120,001,[001]회원등록불능사유조회
KB국민카드,125,SKC1,3121,001,[001]회원등록불능사유조회
KB국민카드,125,SKC1,3130,001,[001]비밀번호오류내역조회
KB국민카드,125,SKC1,3131,001,[001]비밀번호오류내역조회
KB국민카드,125,SKC1,3150,001,[001]카드발급문의조회
KB국민카드,125,SKC1,3151,001,[001]카드발급문의조회
KB국민카드,125,SKC1,3180,001,[001]회원인증결과조회요청
KB국민카드,125,SKC1,3181,001,[001]회원인증결과조회요청
KB국민카드,125,SKC1,3190,001,[001]개인회원등록전문
KB국민카드,125,SKC1,3190,002,[002]법인회원등록전문
KB국민카드,125,SKC1,3190,003,[003]회원제신고전문
KB국민카드,125,SKC1,3191,001,[001]개인회원등록전문
KB국민카드,125,SKC1,3191,002,[002]법인회원등록전문
KB국민카드,125,SKC1,3191,003,[003]회원제신고전문
KB국민카드,125,SKC1,3200,001,[001]카드실시간배송현황조회
KB국민카드,125,SKC1,3201,001,[001]카드실시간배송현황조회
KB국민카드,125,SKC1,3220,001,[001]카드재발송및폐기
KB국민카드,125,SKC1,3221,001,[001]카드재발송및폐기
KB국민카드,125,SKC1,3230,001,[001]카드사용등록
KB국민카드,125,SKC1,3231,001,[001]카드사용등록
KB국민카드,125,SKC1,3400,001,[001]KB증권상품서비스조회
KB국민카드,125,SKC1,3401,001,[001]KB증권상품서비스조회
KB국민카드,125,SKC1,3410,001,[001]KB증권상품서비스산출기준조회
KB국민카드,125,SKC1,3411,001,[001]KB증권상품서비스산출기준조회
KB국민카드,125,SKC1,3420,001,[001]카드적용서비스실적기본조회
KB국민카드,125,SKC1,3421,001,[001]카드적용서비스실적기본조회
KB국민카드,125,SKC1,3430,001,[001]카드적용서비스실적상세조회
KB국민카드,125,SKC1,3431,001,[001]카드적용서비스실적상세조회
KB국민카드,125,SKC1,3460,001,[001]선택형서비스변경
KB국민카드,125,SKC1,3461,001,[001]선택형서비스변경
KB국민카드,125,SKC1,3500,001,[001]소득공제집계조회
KB국민카드,125,SKC1,3501,001,[001]소득공제집계조회
KB국민카드,125,SKC1,3600,001,[001]사고자등해제
KB국민카드,125,SKC1,3601,001,[001]사고자등해제
KB국민카드,125,SKC1,3610,001,[001]도난분실사고접수
KB국민카드,125,SKC1,3611,001,[001]도난분실사고접수
KB국민카드,125,SKC1,3620,001,[001]도난분실사고접수현황조회
KB국민카드,125,SKC1,3621,001,[001]도난분실사고접수현황조회
KB국민카드,125,SKC1,3700,001,[001]가맹점정보기본조회
KB국민카드,125,SKC1,3701,001,[001]가맹점정보기본조회
KB국민카드,125,SKC1,3710,001,[001]가맹점정보상세조회
KB국민카드,125,SKC1,3711,001,[001]가맹점정보상세조회
KB국민카드,125,SKC2,3910,201,[201]업무개시
KB국민카드,125,SKC2,3910,202,[202]업무종료
KB국민카드,125,SKC2,3910,203,[203]장애통보
KB국민카드,125,SKC2,3910,204,[204]장애회복
KB국민카드,125,SKC2,3910,301,[301]통신망관리
KB국민카드,125,SKC2,3911,201,[201]업무개시
KB국민카드,125,SKC2,3911,202,[202]업무종료
KB국민카드,125,SKC2,3911,203,[203]장애통보
KB국민카드,125,SKC2,3911,204,[204]장애회복
KB국민카드,125,SKC2,3911,301,[301]통신망관리
한경머니콘,130,SMN0,0200,0001,[0001]기프티콘 발송
한경머니콘,130,SMN0,0210,0001,[0001]기프티콘 발송
한경머니콘,130,SMN0,0800,9999,[9999]테스트콜
한경머니콘,130,SMN0,0810,9999,[9999]테스트콜
한국전자금융,133,RNI0,0200,011100,[011100]현금지급IC
한국전자금융,133,RNI0,0200,310120,[310120]동행이체수취조회IC
한국전자금융,133,RNI0,0200,310126,[310126]입금이체수취조회IC
한국전자금융,133,RNI0,0200,310128,[310128]출금이체수취조회IC
한국전자금융,133,RNI0,0200,310140,[310140]3행이체수취조회IC
한국전자금융,133,RNI0,0200,311100,[311100]잔액조회IC
한국전자금융,133,RNI0,0200,311150,[311150]현금입금수취조회IC
한국전자금융,133,RNI0,0200,312210,[312210]현금입급결과조회
한국전자금융,133,RNI0,0200,316120,[316120]현급지급수수료조회IC
한국전자금융,133,RNI0,0200,400100,[400100]동행이체IC
한국전자금융,133,RNI0,0200,400120,[400120]입금이체IC
한국전자금융,133,RNI0,0200,402100,[402100]출금이체IC
한국전자금융,133,RNI0,0200,404100,[404100]3행이체IC
한국전자금융,133,RNI0,0200,510100,[510100]현금입금IC
한국전자금융,133,RNI0,0400,011100,[011100]현금지급IC
한국전자금융,133,RNI0,0800,000160,[000160]단말정보등록
한국전자금융,133,SNI0,0800,000001,[000001]업무개시
한국전자금융,133,SNI0,0800,000002,[000002]업무종료예고
한국전자금융,133,SNI0,0800,000040,[000040]업무종료
한국전자금융,133,SNI0,0800,000301,[000301]회선시험
한국전자금융,133,SNI0,0800,000888,[000888]장애해제
한국전자금융,133,SNI0,0800,000999,[000999]장애통보
한국전자금융,133,SNI0,0810,000001,[000001]업무개시
한국전자금융,133,SNI0,0810,000002,[000002]업무종료예고
한국전자금융,133,SNI0,0810,000040,[000040]업무종료
한국전자금융,133,SNI0,0810,000301,[000301]회선시험
한국전자금융,133,SNI0,0810,000888,[000888]장애해제
한국전자금융,133,SNI0,0810,000999,[000999]장애통보
KSNET,136,RKE0,0200,300,[300]거래내역계상계좌통지
KSNET,136,RKE0,0400,100,[100]타행이체불능통지
KSNET,136,RKE1,0109,100,[100]당행이체
KSNET,136,RKE1,0600,501,[501]자동이체계좌등록
KSNET,136,RKE1,0609,100,[100]이체처리결과조회
KSNET,136,RKE1,0800,100,[100]업무개시
KSNET,136,RKE1,0800,300,[300]업무종료
KSNET,136,SKE0,0100,100,[100]송금이체지급이체
KSNET,136,SKE0,0110,100,[100]송금이체지급이체
KSNET,136,SKE0,0600,101,[101]처리결과조회
KSNET,136,SKE0,0600,300,[300]잔액조회
KSNET,136,SKE0,0610,101,[101]처리결과조회
KSNET,136,SKE0,0610,300,[300]잔액조회
KSNET,136,SKE0,0700,100,[100]집계조회
KSNET,136,SKE0,0710,100,[100]집계조회
KSNET,136,SKE0,0800,100,[100]업무개시
KSNET,136,SKE0,0800,300,[300]업무종료
KSNET,136,SKE0,0800,800,[800]테스트콜
KSNET,136,SKE0,0810,100,[100]업무개시
KSNET,136,SKE0,0810,300,[300]업무종료
KSNET,136,SKE0,0810,800,[800]테스트콜
KSNET,136,SKE1,0800,800,[800]테스트콜
KSNET,136,SKE1,0810,800,[800]테스트콜
금융결제원,140,R620,0200,200304,[200304]사고신고통지
금융결제원,140,R620,0500,500001,[500001]미통지전송시작
금융결제원,140,R620,0800,100101,[100101]업무개시
금융결제원,140,R620,0800,100102,[100102]업무종료
금융결제원,140,R620,0800,100201,[100201]시스템장애
금융결제원,140,R620,0800,100202,[100202]시스템장애회복
금융결제원,140,R620,0800,100203,[100203]시스템점검시작
금융결제원,140,R620,0800,100204,[100204]시스템점검종료
금융결제원,140,R620,0800,100301,[100301]기관상태확인
금융결제원,140,R620,0800,100302,[100302]회선상태
금융결제원,140,R620,1000,100302,[100302]회선상태
금융결제원,140,RKF0,0200,290001,[290001]잔고이전수취계좌확인조회
금융결제원,140,RKF0,0200,400013,[400013]지급정지 대상 계좌 내역 조회
금융결제원,140,RKF0,0200,420001,[420001]보유계좌요약조회
금융결제원,140,RKF0,0200,420003,[420003]보유계좌내역조회
금융결제원,140,RKF0,0200,510001,[510001]피해예방지급정지
금융결제원,140,RKF0,0200,520001,[520001]계좌해지조회
금융결제원,140,RKF0,0200,520002,[520002]계좌해지및잔고이전
금융결제원,140,RKF0,0200,520003,[520003]계좌해지가능여부조회
금융결제원,140,RKF0,0200,890001,[890001]투자자성향정보조회
금융결제원,140,RKF0,7700,000301,[000301]TESTCALL
금융결제원,140,RKF0,9200,490004,[490004]보유계좌내역일괄조회
금융결제원,140,RKF0,9200,510001,[510001]피해예방지급정지
금융결제원,140,RKF0,E200,510001,[510001]피해예방지급정지
금융결제원,140,RKF1,0200,003000,[003000]결제관련
금융결제원,140,RKF1,0800,001000,[001000]업무개시
금융결제원,140,RKF1,0800,002000,[002000]종료
금융결제원,140,RKF1,0800,002100,[002100]종료예고
금융결제원,140,RKF1,0800,003000,[003000]TESTCALL
금융결제원,140,RKF1,0800,004000,[004000]시스템장애
금융결제원,140,RKF1,0800,005000,[005000]시스템회복
금융결제원,140,RKF2,0200,010100,[010100]현금지급
금융결제원,140,RKF2,0200,012201,[012201]점외현금지급(시간내)
금융결제원,140,RKF2,0200,012301,[012301]점외현금지급(시간외)
금융결제원,140,RKF2,0200,310100,[310100]잔액조회
금융결제원,140,RKF2,0200,310120,[310120]수취조회(동행이체)
금융결제원,140,RKF2,0200,310126,[310126]수취조회(입금이체)
금융결제원,140,RKF2,0200,310128,[310128]수취조회(출금이체)
금융결제원,140,RKF2,0200,310140,[310140]수취조회(3행이체)
금융결제원,140,RKF2,0200,310150,[310150]수취조회(현금입금)
금융결제원,140,RKF2,0200,310170,[310170]고지조회(타행납부)
금융결제원,140,RKF2,0200,312401,[312401]점외잔액조회
금융결제원,140,RKF2,0200,315120,[315120]수수료조회
금융결제원,140,RKF2,0200,315221,[315221]점외수수료조회(시간내)
금융결제원,140,RKF2,0200,315321,[315321]점외수수료조회(시간외)
금융결제원,140,RKF2,0200,400100,[400100]동행이체
금융결제원,140,RKF2,0200,400120,[400120]입금이체입금
금융결제원,140,RKF2,0200,402100,[402100]출금이체출금
금융결제원,140,RKF2,0200,404100,[404100]3행이체
금융결제원,140,RKF2,0200,470100,[470100]타행납부
금융결제원,140,RKF2,0200,490100,[490100]무인수납
금융결제원,140,RKF2,0200,500100,[500100]현금입금
금융결제원,140,RKF2,0800,001,[001]개시
금융결제원,140,RKF2,0800,002,[002]종료예고
금융결제원,140,RKF2,0800,040,[040]종료
금융결제원,140,RKF2,0800,050,[050]순채무한도조회
금융결제원,140,RKF2,0800,301,[301]회선시험
금융결제원,140,RKF2,0800,888,[888]장애회복
금융결제원,140,RKF2,0800,999,[999]장애통보
금융결제원,140,RKF2,8000,010100,[010100]집계통보(현금지급)
금융결제원,140,RKF2,8000,012201,[012201]집계통보(점외현금지급)
금융결제원,140,RKF2,8000,400100,[400100]집계통보(동행이체)
금융결제원,140,RKF2,8000,400120,[400120]집계통보(입금이체)
금융결제원,140,RKF2,8000,402100,[402100]집계통보(출금이체)
금융결제원,140,RKF2,8000,404100,[404100]집계통보(3행이체)
금융결제원,140,RKF2,8000,460000,[460000]집계통보(동행납부)
금융결제원,140,RKF2,8000,470100,[470100]집계통보(타행납부)
금융결제원,140,RKF2,8000,490100,[490100]집계통보(무인수납)
금융결제원,140,RKF2,8000,500100,[500100]집계통보(현금입금)
금융결제원,140,RKF2,9200,010100,[010100]현금지급
금융결제원,140,RKF2,9200,310060,[310060]고지조회(동행납부)
금융결제원,140,RKF2,9200,310100,[310100]잔액조회
금융결제원,140,RKF2,9200,310120,[310120]수취조회(동행이체)
금융결제원,140,RKF2,9200,310126,[310126]수취조회(입금이체)
금융결제원,140,RKF2,9200,310128,[310128]수취조회(출금이체)
금융결제원,140,RKF2,9200,310140,[310140]수취조회(3행이체)
금융결제원,140,RKF2,9200,310150,[310150]수취조회(현금입금)
금융결제원,140,RKF2,9200,310170,[310170]고지조회(타행납부)
금융결제원,140,RKF2,9200,312000,[312000]결과조회(현금지급)
금융결제원,140,RKF2,9200,312200,[312200]결과조회(현금입금)
금융결제원,140,RKF2,9200,312300,[312300]결과조회(지로납부)
금융결제원,140,RKF2,9200,312500,[312500]결과조회(동행이체)
금융결제원,140,RKF2,9200,312700,[312700]결과조회(입금이체)
금융결제원,140,RKF2,9200,312800,[312800]결과조회(3행이체)
금융결제원,140,RKF2,9200,312900,[312900]결과조회(출금이체)
금융결제원,140,RKF2,9200,315120,[315120]수수료조회
금융결제원,140,RKF2,9200,400100,[400100]동행이체
금융결제원,140,RKF2,9200,400120,[400120]입금이체출금
금융결제원,140,RKF2,9200,402100,[402100]출금이체입금
금융결제원,140,RKF2,9200,404100,[404100]3행이체
금융결제원,140,RKF2,9200,460000,[460000]동행납부
금융결제원,140,RKF2,9200,470100,[470100]타행납부
금융결제원,140,RKF2,9200,500100,[500100]현금입금
금융결제원,140,RKF2,9800,001,[001]재개시
금융결제원,140,RKF2,9800,050,[050]순채무한도조회
금융결제원,140,RKF2,9800,060,[060]은행상태확인
금융결제원,140,RKF2,9800,301,[301]회선시험
금융결제원,140,RKF2,9800,888,[888]장애회복
금융결제원,140,RKF2,9800,999,[999]장애통보
금융결제원,140,RKF2,E000,010100,[010100]집계통보(현금지급)
금융결제원,140,RKF2,E000,012201,[012201]집계통보(점외현금지급)
금융결제원,140,RKF2,E000,400100,[400100]집계통보(동행이체)
금융결제원,140,RKF2,E000,400120,[400120]집계통보(입금이체)
금융결제원,140,RKF2,E000,402100,[402100]집계통보(출금이체)
금융결제원,140,RKF2,E000,404100,[404100]집계통보(3행이체)
금융결제원,140,RKF2,E000,460000,[460000]집계통보(동행납부)
금융결제원,140,RKF2,E000,470100,[470100]집계통보(타행납부)
금융결제원,140,RKF2,E000,490100,[490100]집계통보(무인수납)
금융결제원,140,RKF2,E000,500100,[500100]집계통보(현금입금)
금융결제원,140,RKF2,E200,010100,[010100]현금지급
금융결제원,140,RKF2,E200,012201,[012201]점외현금지급(시간내)
금융결제원,140,RKF2,E200,012301,[012301]점외현금지급(시간외)
금융결제원,140,RKF2,E200,310100,[310100]잔액조회
금융결제원,140,RKF2,E200,310120,[310120]수취조회(동행이체)
금융결제원,140,RKF2,E200,310126,[310126]수취조회(입금이체)
금융결제원,140,RKF2,E200,310128,[310128]수취조회(출금이체)
금융결제원,140,RKF2,E200,310140,[310140]수취조회(3행이체)
금융결제원,140,RKF2,E200,310150,[310150]수취조회(현금입금)
금융결제원,140,RKF2,E200,310170,[310170]고지조회(타행납부)
금융결제원,140,RKF2,E200,312401,[312401]점외잔액조회
금융결제원,140,RKF2,E200,315120,[315120]수수료조회
금융결제원,140,RKF2,E200,315221,[315221]점외수수료조회(시간내)
금융결제원,140,RKF2,E200,315321,[315321]점외수수료조회(시간외)
금융결제원,140,RKF2,E200,400100,[400100]동행이체
금융결제원,140,RKF2,E200,400120,[400120]입금이체입금
금융결제원,140,RKF2,E200,402100,[402100]출금이체출금
금융결제원,140,RKF2,E200,404100,[404100]3행이체
금융결제원,140,RKF2,E200,470100,[470100]타행납부
금융결제원,140,RKF2,E200,490100,[490100]무인수납
금융결제원,140,RKF2,E200,500100,[500100]현금입금
금융결제원,140,RKF2,E400,010100,[010100]현금지급취소
금융결제원,140,RKF2,E400,400100,[400100]동행이체취소
금융결제원,140,RKF2,E400,402100,[402100]출금이체입금취소
금융결제원,140,RKF2,E401,010100,[010100]현금지급취소
금융결제원,140,RKF2,E401,400100,[400100]동행이체취소
금융결제원,140,RKF2,E401,402100,[402100]출금이체입금취소
금융결제원,140,RKF2,E500,010100,[010100]현금지급취소
금융결제원,140,RKF2,E500,012201,[012201]점외현금지급취소(시간내)
금융결제원,140,RKF2,E500,012301,[012301]점외현금지급취소(시간외)
금융결제원,140,RKF2,E500,400100,[400100]동행이체취소
금융결제원,140,RKF2,E500,400120,[400120]입금이체입금취소
금융결제원,140,RKF2,E500,402100,[402100]출금이체취소
금융결제원,140,RKF2,E500,404100,[404100]3행이체취소
금융결제원,140,RKF2,E500,470100,[470100]타행납부취소
금융결제원,140,RKF2,E800,001,[001]개시
금융결제원,140,RKF2,E800,002,[002]종료예고
금융결제원,140,RKF2,E800,040,[040]종료
금융결제원,140,RKF2,E800,050,[050]순채무한도조회
금융결제원,140,RKF2,E800,301,[301]회선시험
금융결제원,140,RKF2,E800,888,[888]장애회복
금융결제원,140,RKF2,E800,999,[999]장애통보
금융결제원,140,RKF2,T400,010100,[010100]현금지급취소
금융결제원,140,RKF2,T400,012201,[012201]점외현금지급취소(시간내)
금융결제원,140,RKF2,T400,012301,[012301]점외현금지급취소(시간외)
금융결제원,140,RKF2,T400,400100,[400100]동행이체취소
금융결제원,140,RKF2,T400,400120,[400120]입금이체입금취소
금융결제원,140,RKF2,T400,402100,[402100]출금이체출금취소
금융결제원,140,RKF2,T400,404100,[404100]3행이체취소
금융결제원,140,RKF2,T400,470100,[470100]타행납부취소
금융결제원,140,RKF2,T800,060,[060]은행상태확인
금융결제원,140,RKF3,0200,300000,[300000]수취조회
금융결제원,140,RKF3,0200,400000,[400000]타행이체
금융결제원,140,RKF3,0400,400000,[400000]타행이체취소
금융결제원,140,RKF3,0700,400000,[400000]집계통보
금융결제원,140,RKF3,0800,001000,[001000]개시
금융결제원,140,RKF3,0800,002000,[002000]종료
금융결제원,140,RKF3,0800,003000,[003000]장애통보
금융결제원,140,RKF3,0800,005000,[005000]장애회복
금융결제원,140,RKF3,0800,201000,[201000]종료예고
금융결제원,140,RKF3,0800,301000,[301000]회선시험
금융결제원,140,RKF3,9200,300000,[300000]수취조회
금융결제원,140,RKF3,9200,400000,[400000]타행이체
금융결제원,140,RKF3,9200,500000,[500000]수표조회
금융결제원,140,RKF3,9200,600000,[600000]처리결과조회
금융결제원,140,RKF3,9400,400000,[400000]타행이체취소
금융결제원,140,RKF3,9800,001000,[001000]재개시
금융결제원,140,RKF3,9800,003000,[003000]장애통보
금융결제원,140,RKF3,9800,005000,[005000]장애회복
금융결제원,140,RKF3,9800,301000,[301000]회선시험
금융결제원,140,RKF3,9800,302000,[302000]은행상태확인
금융결제원,140,RKF3,E200,300000,[300000]수취조회
금융결제원,140,RKF3,E200,400000,[400000]타행이체
금융결제원,140,RKF3,E404,400000,[400000]타행이체취소
금융결제원,140,RKF3,E700,400000,[400000]집계통보
금융결제원,140,RKF3,E800,001000,[001000]개시
금융결제원,140,RKF3,E800,002000,[002000]종료
금융결제원,140,RKF3,E800,003000,[003000]장애통보
금융결제원,140,RKF3,E800,005000,[005000]장애회복
금융결제원,140,RKF3,E800,201000,[201000]종료예고
금융결제원,140,RKF3,E800,301000,[301000]회선시험
금융결제원,140,RKF3,T200,400000,[400000]타행이체(지연응답)
금융결제원,140,RKF3,T800,302000,[302000]은행상태확인
금융결제원,140,RKF4,0200,200,[200]타행환입금
금융결제원,140,RKF4,0200,500,[500]타행환수취조회
금융결제원,140,RKF4,0400,200,[200]타행환입금취소
금융결제원,140,RKF4,0400,400,[400]부도출금
금융결제원,140,RKF4,0700,100,[100]차변집계
금융결제원,140,RKF4,0700,200,[200]대변집계
금융결제원,140,RKF4,0800,100,[100]개시
금융결제원,140,RKF4,0800,200,[200]종료예고
금융결제원,140,RKF4,0800,201,[201]종료
금융결제원,140,RKF4,0800,300,[300]회선시험
금융결제원,140,RKF4,0800,400,[400]장애통보
금융결제원,140,RKF4,0800,500,[500]장애회복
금융결제원,140,RKF4,0800,600,[600]운영시간연장처리
금융결제원,140,RKF4,0800,901,[901]결번지시
금융결제원,140,RKF4,0800,904,[904]은행별타점권연장지시
금융결제원,140,RKF4,0800,905,[905]은행별타점권재연장지시
금융결제원,140,RKF4,0800,906,[906]전국교환소타점권연장지시
금융결제원,140,RKF4,0800,907,[907]전국교환소타점권재연장지시
금융결제원,140,RKF4,9200,200,[200]타행환입금
금융결제원,140,RKF4,9200,300,[300]수표조회
금융결제원,140,RKF4,9200,400,[400]처리결과조회
금융결제원,140,RKF4,9200,500,[500]타행환수취조회
금융결제원,140,RKF4,9400,200,[200]타행환입금취소
금융결제원,140,RKF4,9800,101,[101]재개시
금융결제원,140,RKF4,9800,300,[300]회선시험
금융결제원,140,RKF4,9800,400,[400]장애통보
금융결제원,140,RKF4,9800,500,[500]장애회복
금융결제원,140,RKF4,9800,901,[901]결번요구
금융결제원,140,RKF4,E200,200,[200]타행환입금
금융결제원,140,RKF4,E200,500,[500]타행환수취조회
금융결제원,140,RKF4,E404,200,[200]타행환입금취소
금융결제원,140,RKF4,E404,400,[400]부도출금
금융결제원,140,RKF4,E700,100,[100]차변집계
금융결제원,140,RKF4,E700,200,[200]대변집계
금융결제원,140,RKF4,E800,100,[100]개시
금융결제원,140,RKF4,E800,200,[200]종료예고
금융결제원,140,RKF4,E800,201,[201]종료
금융결제원,140,RKF4,E800,300,[300]회선시험
금융결제원,140,RKF4,E800,400,[400]장애통보
금융결제원,140,RKF4,E800,500,[500]장애회복
금융결제원,140,RKF4,E800,600,[600]운영시간연장처리
금융결제원,140,RKF4,E800,901,[901]결번지시
금융결제원,140,RKF4,E800,904,[904]은행별타점권연장지시
금융결제원,140,RKF4,E800,905,[905]은행별타점권재연장지시
금융결제원,140,RKF4,E800,906,[906]전국교환소타점권연장지시
금융결제원,140,RKF4,E800,907,[907]전국교환소타점권재연장지시
금융결제원,140,RKF4,T200,200,[200]타행환입금(불능통보)
금융결제원,140,RKF5,0200,101000,[101000]자동납부신규조회
금융결제원,140,RKF5,0200,102000,[102000]자동납부신규등록
금융결제원,140,RKF5,0200,103000,[103000]자동납부신규등록확인조회
금융결제원,140,RKF5,0200,111000,[111000]자동납부해지조회
금융결제원,140,RKF5,0200,112000,[112000]자동납부해지등록
금융결제원,140,RKF5,0200,113000,[113000]자동납부해지등록확인조회
금융결제원,140,RKF5,0200,201000,[201000]인터넷지로자동납부신규조회
금융결제원,140,RKF5,0200,202000,[202000]인터넷지로자동납부신규등록
금융결제원,140,RKF5,0200,211000,[211000]인터넷지로자동납부해지조회
금융결제원,140,RKF5,0200,212000,[212000]인터넷지로자동납부해지등록
금융결제원,140,RKF5,0200,301000,[301000]출금은행변경조회
금융결제원,140,RKF5,0200,302000,[302000]출금은행변경등록
금융결제원,140,RKF5,0200,303000,[303000]출금은행변경등록확인조회
금융결제원,140,RKF5,0700,994001,[994001]자동납부신청등록거래
금융결제원,140,RKF5,0800,000001,[000001]개시
금융결제원,140,RKF5,0800,000004,[000004]종료
금융결제원,140,RKF5,0800,000301,[000301]회선시험
금융결제원,140,RKF5,9200,101000,[101000]자동납부신규조회
금융결제원,140,RKF5,9200,102000,[102000]자동납부신규등록
금융결제원,140,RKF5,9200,103000,[103000]자동납부신규등록확인조회
금융결제원,140,RKF5,9200,111000,[111000]자동납부해지조회
금융결제원,140,RKF5,9200,112000,[112000]자동납부해지등록
금융결제원,140,RKF5,9200,113000,[113000]자동납부해지등록확인조회
금융결제원,140,RKF5,9200,121000,[121000]자동납부변경조회
금융결제원,140,RKF5,9200,122000,[122000]자동납부변경등록
금융결제원,140,RKF5,9200,123000,[123000]자동납부변경등록확인조회
금융결제원,140,RKF5,9200,301000,[301000]출금은행변경조회
금융결제원,140,RKF5,9200,302000,[302000]출금은행변경등록
금융결제원,140,RKF5,9200,303000,[303000]출금은행변경등록확인조회
금융결제원,140,RKF5,9800,000301,[000301]회선시험
금융결제원,140,RKF5,E200,101000,[101000]자동납부신규조회
금융결제원,140,RKF5,E200,102000,[102000]자동납부신규등록
금융결제원,140,RKF5,E200,103000,[103000]자동납부신규등록확인조회
금융결제원,140,RKF5,E200,111000,[111000]자동납부해지조회
금융결제원,140,RKF5,E200,112000,[112000]자동납부해지등록
금융결제원,140,RKF5,E200,113000,[113000]자동납부해지등록확인조회
금융결제원,140,RKF5,E200,201000,[201000]인터넷지로자동납부신규조회
금융결제원,140,RKF5,E200,202000,[202000]인터넷지로자동납부신규등록
금융결제원,140,RKF5,E200,211000,[211000]인터넷지로자동납부해지조회
금융결제원,140,RKF5,E200,212000,[212000]인터넷지로자동납부해지등록
금융결제원,140,RKF5,E200,301000,[301000]출금은행변경조회
금융결제원,140,RKF5,E200,302000,[302000]출금은행변경등록
금융결제원,140,RKF5,E200,303000,[303000]출금은행변경등록확인조회
금융결제원,140,RKF5,E400,302000,[302000]출금은행변경등록취소
금융결제원,140,RKF5,E500,202000,[202000]인터넷지로자동납부신규등록취소
금융결제원,140,RKF5,E500,212000,[212000]인터넷지로자동납부해지등록취소
금융결제원,140,RKF5,E500,302000,[302000]출금은행변경등록취소
금융결제원,140,RKF5,E700,994001,[994001]자동납부신청등록거래
금융결제원,140,RKF5,E800,000001,[000001]개시
금융결제원,140,RKF5,E800,000004,[000004]종료
금융결제원,140,RKF5,E800,000301,[000301]회선시험
금융결제원,140,RKF5,T400,202000,[202000]인터넷지로자동납부신규등록취소
금융결제원,140,RKF5,T400,212000,[212000]인터넷지로자동납부해지등록취소
금융결제원,140,RKF5,T400,302000,[302000]출금은행변경등록취소
금융결제원,140,RKF6,0200,000020,[000020]실시간계좌실명조회
금융결제원,140,RKF6,0200,000030,[000030]출금이체신청
금융결제원,140,RKF6,0200,000040,[000040]출금이체해지
금융결제원,140,RKF6,0800,001,[001]개시
금융결제원,140,RKF6,0800,002,[002]종료
금융결제원,140,RKF6,0800,301,[301]회선시험
금융결제원,140,RKF6,9800,301,[301]회선시험
금융결제원,140,RKF6,E200,000020,[000020]실시간계좌실명조회
금융결제원,140,RKF6,E200,000030,[000030]출금이체신청
금융결제원,140,RKF6,E200,000040,[000040]출금이체해지
금융결제원,140,RKF6,E500,000030,[000030]출금이체신청취소
금융결제원,140,RKF6,E500,000040,[000040]출금이체해지취소
금융결제원,140,RKF6,E800,001,[001]개시
금융결제원,140,RKF6,E800,002,[002]종료
금융결제원,140,RKF6,E800,301,[301]회선시험
금융결제원,140,RKF6,T400,000030,[000030]출금이체신청취소
금융결제원,140,RKF6,T400,000040,[000040]출금이체해지취소
금융결제원,140,RKF7,0200,408900,[408900]PG출금
금융결제원,140,RKF7,0200,409000,[409000]PG 집금계좌조회
금융결제원,140,RKF7,0200,409200,[409200]PG고객보안정보조회
금융결제원,140,RKF7,0200,409300,[409300]실시간PG출금지시
금융결제원,140,RKF7,0200,409400,[409400]실시간PG입금지시
금융결제원,140,RKF7,0800,001,[001]개시
금융결제원,140,RKF7,0800,002,[002]종료
금융결제원,140,RKF7,0800,003,[003]장애통보
금융결제원,140,RKF7,0800,005,[005]장애회복
금융결제원,140,RKF7,0800,301,[301]회선시험
금융결제원,140,RKF7,9800,001,[001]재개시
금융결제원,140,RKF7,9800,003,[003]장애통보
금융결제원,140,RKF7,9800,005,[005]장애회복
금융결제원,140,RKF7,9800,301,[301]회선시험
금융결제원,140,RKF7,E200,408900,[408900]PG출금
금융결제원,140,RKF7,E200,409000,[409000]PG집금계좌조회
금융결제원,140,RKF7,E200,409200,[409200]PG고객보안정보조회
금융결제원,140,RKF7,E200,409300,[409300]실시간PG출금지시
금융결제원,140,RKF7,E200,409400,[409400]실시간PG입금지시
금융결제원,140,RKF7,E500,408900,[408900]PG출금취소
금융결제원,140,RKF7,E500,409300,[409300]실시간PG출금취소
금융결제원,140,RKF7,E800,001,[001]개시
금융결제원,140,RKF7,E800,002,[002]종료
금융결제원,140,RKF7,E800,003,[003]장애통보
금융결제원,140,RKF7,E800,005,[005]장애회복
금융결제원,140,RKF7,E800,301,[301]회선시험
금융결제원,140,RKF7,T400,408900,[408900]PG출금취소
금융결제원,140,RKF7,T400,409300,[409300]실시간PG출금취소
금융결제원,140,RKF8,0200,301200,[301200]잔액조회
금융결제원,140,RKF8,0200,301400,[301400]비대면실명확인조회
금융결제원,140,RKF8,0200,302100,[302100]입금조회
금융결제원,140,RKF8,0200,302200,[302200]출금조회
금융결제원,140,RKF8,0200,302300,[302300]입출금조회
금융결제원,140,RKF8,0200,303100,[303100]입금지정조회
금융결제원,140,RKF8,0200,303200,[303200]출금지정조회
금융결제원,140,RKF8,0200,303300,[303300]입출금지정조회
금융결제원,140,RKF8,0200,408000,[408000]지로이체출금
금융결제원,140,RKF8,0800,001,[001]개시
금융결제원,140,RKF8,0800,002,[002]종료
금융결제원,140,RKF8,0800,003,[003]장애통보
금융결제원,140,RKF8,0800,005,[005]장애회복
금융결제원,140,RKF8,0800,201,[201]종료예고
금융결제원,140,RKF8,0800,301,[301]회선시험
금융결제원,140,RKF8,9200,301400,[301400]비대면실명확인조회
금융결제원,140,RKF8,9800,001,[001]재개시
금융결제원,140,RKF8,9800,003,[003]장애통보
금융결제원,140,RKF8,9800,005,[005]장애회복
금융결제원,140,RKF8,9800,301,[301]회선시험
금융결제원,140,RKF8,E200,301200,[301200]잔액조회
금융결제원,140,RKF8,E200,301400,[301400]비대면실명확인조회
금융결제원,140,RKF8,E200,302100,[302100]입금조회
금융결제원,140,RKF8,E200,302200,[302200]출금조회
금융결제원,140,RKF8,E200,302300,[302300]입출금조회
금융결제원,140,RKF8,E200,303100,[303100]입금지정조회
금융결제원,140,RKF8,E200,303200,[303200]출금지정조회
금융결제원,140,RKF8,E200,303300,[303300]입출금지정조회
금융결제원,140,RKF8,E200,408000,[408000]지로이체출금
금융결제원,140,RKF8,E500,408000,[408000]지로이체출금취소
금융결제원,140,RKF8,E800,001,[001]개시
금융결제원,140,RKF8,E800,002,[002]종료
금융결제원,140,RKF8,E800,003,[003]장애통보
금융결제원,140,RKF8,E800,005,[005]장애회복
금융결제원,140,RKF8,E800,201,[201]종료예고
금융결제원,140,RKF8,E800,301,[301]회선시험
금융결제원,140,RKF8,T400,408000,[408000]지로이체출금취소
금융결제원,140,RKF9,0200,300000,[300000]자금반환청구
금융결제원,140,RKF9,0200,400000,[400000]자금반환
금융결제원,140,RKF9,0800,001000,[001000]개시
금융결제원,140,RKF9,0800,002000,[002000]종료예고
금융결제원,140,RKF9,0800,003000,[003000]종료
금융결제원,140,RKF9,0800,004000,[004000]장애통보
금융결제원,140,RKF9,0800,005000,[005000]장애회복
금융결제원,140,RKF9,0800,006000,[006000]회선시험
금융결제원,140,RKF9,9200,300000,[300000]자금반환청구
금융결제원,140,RKF9,9200,400000,[400000]자금반환
금융결제원,140,RKF9,9800,004000,[004000]장애통보
금융결제원,140,RKF9,9800,005000,[005000]장애회복
금융결제원,140,RKF9,9800,006000,[006000]회선시험
금융결제원,140,RKF9,9800,009000,[009000]은행상태확인
금융결제원,140,RKF9,E200,300000,[300000]자금반환청구
금융결제원,140,RKF9,E200,400000,[400000]자금반환
금융결제원,140,RKF9,E800,001000,[001000]개시
금융결제원,140,RKF9,E800,002000,[002000]종료예고
금융결제원,140,RKF9,E800,003000,[003000]종료
금융결제원,140,RKF9,E800,004000,[004000]장애통보
금융결제원,140,RKF9,E800,005000,[005000]장애회복
금융결제원,140,RKF9,E800,006000,[006000]회선시험
금융결제원,140,RKF9,T200,300000,[300000]자금반환청구(지연응답)
금융결제원,140,RKF9,T200,400000,[400000]자금반환(지연응답)
금융결제원,140,RKF9,T800,009000,[009000]은행상태확인
금융결제원,140,RKFA,0800,001000,[001000]개시
금융결제원,140,RKFA,0800,002000,[002000]종료
금융결제원,140,RKFA,0800,003000,[003000]회선시험
금융결제원,140,RKFA,0800,004000,[004000]장애통보
금융결제원,140,RKFA,0800,005000,[005000]장애회복
금융결제원,140,RKFB,0200,200000,[200000]사용자등록
금융결제원,140,RKFB,0200,300000,[300000]중계센터수취조회
금융결제원,140,RKFB,0200,310000,[310000]이용기관수취조회
금융결제원,140,RKFB,0200,400000,[400000]이체
금융결제원,140,RKFB,0200,500000,[500000]잔액조회
금융결제원,140,RKFB,0200,510000,[510000]거래내역 조회
금융결제원,140,RKFB,0200,520000,[520000]계좌실명 조회
금융결제원,140,RKFB,0200,600000,[600000]처리결과조회
금융결제원,140,RKFB,0200,700000,[700000]자금청구 접수
금융결제원,140,RKFB,0400,400000,[400000]이체
금융결제원,140,RKFB,0700,400000,[400000]집계
금융결제원,140,RKFB,0800,001000,[001000]개시
금융결제원,140,RKFB,0800,002000,[002000]종료예고
금융결제원,140,RKFB,0800,003000,[003000]종료
금융결제원,140,RKFB,0800,004000,[004000]장애
금융결제원,140,RKFB,0800,005000,[005000]장애회복
금융결제원,140,RKFB,0800,006000,[006000]TEST CALL
금융결제원,140,RKFB,9210,200000,[200000]사용자등록
금융결제원,140,RKFB,9210,300000,[300000]중계센터수취조회
금융결제원,140,RKFB,9210,310000,[310000]이용기관수취조회
금융결제원,140,RKFB,9210,400000,[400000]이체
금융결제원,140,RKFB,9210,500000,[500000]잔액조회
금융결제원,140,RKFB,9210,510000,[510000]거래내역 조회
금융결제원,140,RKFB,9210,600000,[600000]처리결과조회
금융결제원,140,RKFB,9210,700000,[700000]자금청구 접수
금융결제원,140,RKFB,9800,004000,[004000]장애
금융결제원,140,RKFC,0700,994001,[994001]지로계정
금융결제원,140,RKFC,0700,994201,[994201]공공계정
금융결제원,140,RKFC,0800,000301,[000301]회선시험
금융결제원,140,RKFC,9200,301005,[301005]4대징수고지내역간략조회
금융결제원,140,RKFC,9200,301006,[301006]4대징수건보연금고지내역상세조회
금융결제원,140,RKFC,9200,301007,[301007]사회보험징수통합고지내역간략조회
금융결제원,140,RKFC,9200,302005,[302005]4대징수납부결과통지
금융결제원,140,RKFC,9200,303006,[303006]4대징수납부내역상세조회
금융결제원,140,RKFC,9200,303007,[303007]4대징수납부내역간략조회
금융결제원,140,RKFC,9200,401005,[401005]일반지로고지내역간략조회
금융결제원,140,RKFC,9200,402001,[402001]일반지로납부결과통지.예약신청(조회납부용)
금융결제원,140,RKFC,9200,402005,[402005]일반지로납부결과통지.예약신청(입력납부용)
금융결제원,140,RKFC,9200,403005,[403005]일반지로납부내역간략조회
금융결제원,140,RKFC,9200,403006,[403006]일반지로납부내역상세조회
금융결제원,140,RKFC,9200,623002,[623002]건별예약현황상세조회
금융결제원,140,RKFC,9200,623007,[623007]건별예약현황간략조회
금융결제원,140,RKFC,9200,995005,[995005]지로이용기관조회
금융결제원,140,RKFC,E400,992001,[992001]납부(재)취소
금융결제원,140,RKFC,E700,994001,[994001]지로계정
금융결제원,140,RKFC,E700,994201,[994201]공공계정
금융결제원,140,RKFC,E800,000301,[000301]회선시험
금융결제원,140,RKFE,TREQ,501100,[501100]주민등록증진위확인
금융결제원,140,RKFE,TREQ,501110,[501110]운전면허증진위확인
금융결제원,140,RKFE,TREQ,501120,[501120]외국인등록증진위확인
금융결제원,140,RKFE,TREQ,501130,[501130]국가유공자증진위확인
금융결제원,140,RKFE,TREQ,501140,[501140]장애인등록증진위확인
금융결제원,140,RKFE,TREQ,501150,[501150]여권진위확인
금융결제원,140,S620,0200,200101,[200101]인증
금융결제원,140,S620,0200,200102,[200102]거래인증
금융결제원,140,S620,0200,200103,[200103]휴대폰본인인증
금융결제원,140,S620,0200,200107,[200107]일회용PIN
금융결제원,140,S620,0200,200108,[200108]거래정보전송
금융결제원,140,S620,0200,200201,[200201]발급
금융결제원,140,S620,0200,200203,[200203]재발급
금융결제원,140,S620,0200,200301,[200301]이용등록
금융결제원,140,S620,0200,200302,[200302]타기관등록 해지
금융결제원,140,S620,0200,200303,[200303]사고신고
금융결제원,140,S620,0200,200305,[200305]사고회복
금융결제원,140,S620,0200,200306,[200306]잠김해제
금융결제원,140,S620,0200,200307,[200307]폐기
금융결제원,140,S620,0200,200311,[200311]자동타기관등록
금융결제원,140,S620,0200,200401,[200401]보정
금융결제원,140,S620,0200,200404,[200404]오류건수초기화
금융결제원,140,S620,0200,200501,[200501]고객별OTP리스트조회
금융결제원,140,S620,0200,200502,[200502]OTP기기별이력조회
금융결제원,140,S620,0200,200503,[200503]OTP기기별오류횟수조회
금융결제원,140,S620,0200,200504,[200504]OTP기기별이용등록기관내역조회
금융결제원,140,S620,0200,200505,[200505]OTP기기상세조회
금융결제원,140,S620,0210,200101,[200101]인증
금융결제원,140,S620,0210,200102,[200102]거래인증
금융결제원,140,S620,0210,200103,[200103]휴대폰본인인증
금융결제원,140,S620,0210,200107,[200107]일회용PIN
금융결제원,140,S620,0210,200108,[200108]거래정보전송
금융결제원,140,S620,0210,200201,[200201]발급
금융결제원,140,S620,0210,200203,[200203]재발급
금융결제원,140,S620,0210,200301,[200301]이용등록
금융결제원,140,S620,0210,200302,[200302]타기관등록 해지
금융결제원,140,S620,0210,200303,[200303]사고신고
금융결제원,140,S620,0210,200305,[200305]사고회복
금융결제원,140,S620,0210,200306,[200306]잠김해제
금융결제원,140,S620,0210,200307,[200307]폐기
금융결제원,140,S620,0210,200311,[200311]자동타기관등록
금융결제원,140,S620,0210,200401,[200401]보정
금융결제원,140,S620,0210,200404,[200404]오류건수초기화
금융결제원,140,S620,0210,200501,[200501]고객별OTP리스트조회
금융결제원,140,S620,0210,200502,[200502]OTP기기별이력조회
금융결제원,140,S620,0210,200503,[200503]OTP기기별오류횟수조회
금융결제원,140,S620,0210,200504,[200504]OTP기기별이용등록기관내역조회
금융결제원,140,S620,0210,200505,[200505]OTP기기상세조회
금융결제원,140,S620,0500,500001,[500001]미통지전송시작
금융결제원,140,S620,0510,500001,[500001]미통지전송시작
금융결제원,140,S620,0800,100101,[100101]업무개시
금융결제원,140,S620,0800,100102,[100102]업무종료
금융결제원,140,S620,0800,100201,[100201]시스템장애
금융결제원,140,S620,0800,100202,[100202]시스템장애회복
금융결제원,140,S620,0800,100301,[100301]기관상태확인
금융결제원,140,S620,0800,100302,[100302]회선상태
금융결제원,140,S620,0810,100101,[100101]업무개시
금융결제원,140,S620,0810,100102,[100102]업무종료
금융결제원,140,S620,0810,100201,[100201]시스템장애
금융결제원,140,S620,0810,100202,[100202]시스템장애회복
금융결제원,140,S620,0810,100301,[100301]기관상태확인
금융결제원,140,S620,0810,100302,[100302]회선상태
금융결제원,140,SKF0,0200,490004,[490004]보유계좌내역일괄조회
금융결제원,140,SKF0,0200,490013,[490013](통합)지급정지 대상 계좌 내역 일괄 조회
금융결제원,140,SKF0,0200,510001,[510001]본인계좌 일괄지급정지해제 신청
금융결제원,140,SKF0,0210,490004,[490004]보유계좌내역일괄조회
금융결제원,140,SKF0,0210,490013,[490013](통합)지급정지 대상 계좌 내역 일괄 조회
금융결제원,140,SKF0,0210,510001,[510001]본인계좌 일괄지급정지해제 신청
금융결제원,140,SKF0,0800,000003,[000003]장애설정
금융결제원,140,SKF0,0800,000005,[000005]장애회복
금융결제원,140,SKF0,0800,000301,[000301]TESTCALL
금융결제원,140,SKF1,0200,002000,[002000]FX거래등록
금융결제원,140,SKF1,0210,002000,[002000]FX거래등록
금융결제원,140,SKF1,0420,002000,[002000]FX거래등록취소
금융결제원,140,SKF1,0430,002000,[002000]FX거래등록취소
금융결제원,140,SKF1,0800,003000,[003000]TESTCALL
금융결제원,140,SKF1,0810,003000,[003000]TESTCALL
금융결제원,140,SKF2,0200,010100,[010100]현금지급
금융결제원,140,SKF2,0200,310060,[310060]고지조회(동행납부)
금융결제원,140,SKF2,0200,310100,[310100]잔액조회
금융결제원,140,SKF2,0200,310120,[310120]수취조회(동행이체)
금융결제원,140,SKF2,0200,310126,[310126]수취조회(입금이체)
금융결제원,140,SKF2,0200,310128,[310128]수취조회(출금이체)
금융결제원,140,SKF2,0200,310140,[310140]수취조회(3행이체)
금융결제원,140,SKF2,0200,310150,[310150]수취조회(현금입금)
금융결제원,140,SKF2,0200,310170,[310170]고지조회(타행납부)
금융결제원,140,SKF2,0200,312000,[312000]결과조회(현금지급)
금융결제원,140,SKF2,0200,312200,[312200]결과조회(현금입금)
금융결제원,140,SKF2,0200,312300,[312300]결과조회(지로납부)
금융결제원,140,SKF2,0200,312500,[312500]결과조회(동행이체)
금융결제원,140,SKF2,0200,312700,[312700]결과조회(입금이체)
금융결제원,140,SKF2,0200,312800,[312800]결과조회(3행이체)
금융결제원,140,SKF2,0200,312900,[312900]결과조회(출금이체)
금융결제원,140,SKF2,0200,315120,[315120]수수료조회
금융결제원,140,SKF2,0200,400100,[400100]동행이체
금융결제원,140,SKF2,0200,400120,[400120]입금이체출금
금융결제원,140,SKF2,0200,402100,[402100]출금이체입금
금융결제원,140,SKF2,0200,404100,[404100]3행이체
금융결제원,140,SKF2,0200,460000,[460000]동행납부
금융결제원,140,SKF2,0200,470100,[470100]타행납부
금융결제원,140,SKF2,0200,500100,[500100]현금입금
금융결제원,140,SKF2,0210,010100,[010100]현금지급
금융결제원,140,SKF2,0210,310060,[310060]고지조회(동행납부)
금융결제원,140,SKF2,0210,310100,[310100]잔액조회
금융결제원,140,SKF2,0210,310120,[310120]수취조회(동행이체)
금융결제원,140,SKF2,0210,310126,[310126]수취조회(입금이체)
금융결제원,140,SKF2,0210,310128,[310128]수취조회(출금이체)
금융결제원,140,SKF2,0210,310140,[310140]수취조회(3행이체)
금융결제원,140,SKF2,0210,310150,[310150]수취조회(현금입금)
금융결제원,140,SKF2,0210,310170,[310170]고지조회(타행납부)
금융결제원,140,SKF2,0210,312000,[312000]결과조회(현금지급)
금융결제원,140,SKF2,0210,312200,[312200]결과조회(현금입금)
금융결제원,140,SKF2,0210,312300,[312300]결과조회(지로납부)
금융결제원,140,SKF2,0210,312500,[312500]결과조회(동행이체)
금융결제원,140,SKF2,0210,312700,[312700]결과조회(입금이체)
금융결제원,140,SKF2,0210,312800,[312800]결과조회(3행이체)
금융결제원,140,SKF2,0210,312900,[312900]결과조회(출금이체)
금융결제원,140,SKF2,0210,315120,[315120]수수료조회
금융결제원,140,SKF2,0210,400100,[400100]동행이체
금융결제원,140,SKF2,0210,400120,[400120]입금이체출금
금융결제원,140,SKF2,0210,402100,[402100]출금이체입금
금융결제원,140,SKF2,0210,404100,[404100]3행이체
금융결제원,140,SKF2,0210,460000,[460000]동행납부
금융결제원,140,SKF2,0210,470100,[470100]타행납부
금융결제원,140,SKF2,0210,500100,[500100]현금입금
금융결제원,140,SKF2,0420,010100,[010100]현금지급취소
금융결제원,140,SKF2,0420,400100,[400100]동행이체취소
금융결제원,140,SKF2,0420,402100,[402100]출금이체입금취소
금융결제원,140,SKF2,0430,010100,[010100]현금지급취소
금융결제원,140,SKF2,0430,400100,[400100]동행이체취소
금융결제원,140,SKF2,0430,402100,[402100]출금이체입금취소
금융결제원,140,SKF2,0800,001,[001]재개시
금융결제원,140,SKF2,0800,050,[050]순채무한도조회
금융결제원,140,SKF2,0800,060,[060]은행상태확인
금융결제원,140,SKF2,0800,301,[301]회선시험
금융결제원,140,SKF2,0800,888,[888]장애회복
금융결제원,140,SKF2,0800,999,[999]장애통보
금융결제원,140,SKF2,0810,001,[001]재개시
금융결제원,140,SKF2,0810,050,[050]순채무한도조회
금융결제원,140,SKF2,0810,301,[301]회선시험
금융결제원,140,SKF2,0810,888,[888]장애회복
금융결제원,140,SKF2,0810,999,[999]장애통보
금융결제원,140,SKF3,0200,300000,[300000]수취조회
금융결제원,140,SKF3,0200,400000,[400000]타행이체
금융결제원,140,SKF3,0200,500000,[500000]수표조회
금융결제원,140,SKF3,0200,600000,[600000]처리결과조회
금융결제원,140,SKF3,0210,300000,[300000]수취조회
금융결제원,140,SKF3,0210,400000,[400000]타행이체
금융결제원,140,SKF3,0210,500000,[500000]수표조회
금융결제원,140,SKF3,0210,600000,[600000]처리결과조회
금융결제원,140,SKF3,0400,400000,[400000]타행이체취소
금융결제원,140,SKF3,0410,400000,[400000]타행이체취소
금융결제원,140,SKF3,0800,001000,[001000]재개시
금융결제원,140,SKF3,0800,003000,[003000]장애통보
금융결제원,140,SKF3,0800,005000,[005000]장애회복
금융결제원,140,SKF3,0800,301000,[301000]회선시험
금융결제원,140,SKF3,0800,302000,[302000]은행상태확인
금융결제원,140,SKF3,0810,001000,[001000]재개시
금융결제원,140,SKF3,0810,003000,[003000]장애통보
금융결제원,140,SKF3,0810,005000,[005000]장애회복
금융결제원,140,SKF3,0810,301000,[301000]회선시험
금융결제원,140,SKF4,0200,200,[200]타행환입금
금융결제원,140,SKF4,0200,300,[300]수표조회
금융결제원,140,SKF4,0200,400,[400]처리결과조회
금융결제원,140,SKF4,0200,500,[500]타행환수취조회
금융결제원,140,SKF4,0210,200,[200]타행환입금
금융결제원,140,SKF4,0210,300,[300]수표조회
금융결제원,140,SKF4,0210,400,[400]처리결과조회
금융결제원,140,SKF4,0210,500,[500]타행환수취조회
금융결제원,140,SKF4,0400,200,[200]타행환입금취소
금융결제원,140,SKF4,0410,200,[200]타행환입금취소
금융결제원,140,SKF4,0800,101,[101]재개시
금융결제원,140,SKF4,0800,300,[300]회선시험
금융결제원,140,SKF4,0800,400,[400]장애통보
금융결제원,140,SKF4,0800,500,[500]장애회복
금융결제원,140,SKF4,0800,901,[901]결번요구
금융결제원,140,SKF4,0810,101,[101]재개시
금융결제원,140,SKF4,0810,300,[300]회선시험
금융결제원,140,SKF4,0810,400,[400]장애통보
금융결제원,140,SKF4,0810,500,[500]장애회복
금융결제원,140,SKF4,0810,901,[901]결번요구
금융결제원,140,SKF5,0200,101000,[101000]자동납부신규조회
금융결제원,140,SKF5,0200,102000,[102000]자동납부신규등록
금융결제원,140,SKF5,0200,103000,[103000]자동납부신규등록확인조회
금융결제원,140,SKF5,0200,111000,[111000]자동납부해지조회
금융결제원,140,SKF5,0200,112000,[112000]자동납부해지등록
금융결제원,140,SKF5,0200,113000,[113000]자동납부해지등록확인조회
금융결제원,140,SKF5,0200,121000,[121000]자동납부변경조회
금융결제원,140,SKF5,0200,122000,[122000]자동납부변경등록
금융결제원,140,SKF5,0200,123000,[123000]자동납부변경등록확인조회
금융결제원,140,SKF5,0200,301000,[301000]출금은행변경조회
금융결제원,140,SKF5,0200,302000,[302000]출금은행변경등록
금융결제원,140,SKF5,0200,303000,[303000]출금은행변경등록확인조회
금융결제원,140,SKF5,0210,101000,[101000]자동납부신규조회
금융결제원,140,SKF5,0210,102000,[102000]자동납부신규등록
금융결제원,140,SKF5,0210,103000,[103000]자동납부신규등록확인조회
금융결제원,140,SKF5,0210,111000,[111000]자동납부해지조회
금융결제원,140,SKF5,0210,112000,[112000]자동납부해지등록
금융결제원,140,SKF5,0210,113000,[113000]자동납부해지등록확인조회
금융결제원,140,SKF5,0210,121000,[121000]자동납부변경조회
금융결제원,140,SKF5,0210,122000,[122000]자동납부변경등록
금융결제원,140,SKF5,0210,123000,[123000]자동납부변경등록확인조회
금융결제원,140,SKF5,0210,301000,[301000]출금은행변경조회
금융결제원,140,SKF5,0210,302000,[302000]출금은행변경등록
금융결제원,140,SKF5,0210,303000,[303000]출금은행변경등록확인조회
금융결제원,140,SKF5,0410,302000,[302000]출금은행변경등록취소
금융결제원,140,SKF5,0420,302000,[302000]출금은행변경등록취소
금융결제원,140,SKF5,0800,000301,[000301]회선시험
금융결제원,140,SKF5,0810,000301,[000301]회선시험
금융결제원,140,SKF6,0800,301,[301]회선시험
금융결제원,140,SKF6,0810,301,[301]회선시험
금융결제원,140,SKF7,0800,001,[001]재개시
금융결제원,140,SKF7,0800,003,[003]장애통보
금융결제원,140,SKF7,0800,005,[005]장애회복
금융결제원,140,SKF7,0800,301,[301]회선시험
금융결제원,140,SKF7,0810,001,[001]재개시
금융결제원,140,SKF7,0810,003,[003]장애통보
금융결제원,140,SKF7,0810,005,[005]장애회복
금융결제원,140,SKF7,0810,301,[301]회선시험
금융결제원,140,SKF8,0200,301300,[301300]수취계좌잔액조회
금융결제원,140,SKF8,0200,301400,[301400]비대면실명확인조회
금융결제원,140,SKF8,0210,301300,[301300]수취계좌잔액조회
금융결제원,140,SKF8,0210,301400,[301400]비대면실명확인조회
금융결제원,140,SKF8,0800,001,[001]재개시
금융결제원,140,SKF8,0800,003,[003]장애통보
금융결제원,140,SKF8,0800,005,[005]장애회복
금융결제원,140,SKF8,0800,301,[301]회선시험
금융결제원,140,SKF8,0810,001,[001]재개시
금융결제원,140,SKF8,0810,003,[003]장애통보
금융결제원,140,SKF8,0810,005,[005]장애회복
금융결제원,140,SKF8,0810,301,[301]회선시험
금융결제원,140,SKF9,0200,300000,[300000]자금반환청구
금융결제원,140,SKF9,0200,400000,[400000]자금반환
금융결제원,140,SKF9,0210,300000,[300000]자금반환청구
금융결제원,140,SKF9,0210,400000,[400000]자금반환
금융결제원,140,SKF9,0800,004000,[004000]장애통보
금융결제원,140,SKF9,0800,005000,[005000]장애회복
금융결제원,140,SKF9,0800,006000,[006000]회선시험
금융결제원,140,SKF9,0800,009000,[009000]은행상태확인
금융결제원,140,SKF9,0810,004000,[004000]장애통보
금융결제원,140,SKF9,0810,005000,[005000]장애회복
금융결제원,140,SKF9,0810,006000,[006000]회선시험
금융결제원,140,SKFA,0800,001000,[001000]재개시
금융결제원,140,SKFA,0800,003000,[003000]회선시험
금융결제원,140,SKFA,0800,004000,[004000]장애통보
금융결제원,140,SKFA,0800,005000,[005000]장애회복
금융결제원,140,SKFA,0810,001000,[001000]재개시
금융결제원,140,SKFA,0810,003000,[003000]회선시험
금융결제원,140,SKFA,0810,004000,[004000]장애통보
금융결제원,140,SKFA,0810,005000,[005000]장애회복
금융결제원,140,SKFB,0800,004000,[004000]장애신고
금융결제원,140,SKFB,0800,005000,[005000]장애회복
금융결제원,140,SKFB,0800,006000,[006000]TEST CALL
금융결제원,140,SKFB,0810,004000,[004000]장애신고
금융결제원,140,SKFB,0810,005000,[005000]장애회복
금융결제원,140,SKFB,0810,006000,[006000]TEST CALL
금융결제원,140,SKFC,0200,301005,[301005]4대징수고지내역간략조회
금융결제원,140,SKFC,0200,301006,[301006]4대징수건보연금고지내역상세조회
금융결제원,140,SKFC,0200,301007,[301007]사회보험징수통합고지내역간략조회
금융결제원,140,SKFC,0200,302005,[302005]4대징수납부결과통지
금융결제원,140,SKFC,0200,303006,[303006]4대징수납부내역상세조회
금융결제원,140,SKFC,0200,303007,[303007]4대징수납부내역간략조회
금융결제원,140,SKFC,0200,401005,[401005]일반지로고지내역간략조회
금융결제원,140,SKFC,0200,402001,[402001]일반지로납부결과통지.예약신청(조회납부용)
금융결제원,140,SKFC,0200,402005,[402005]일반지로납부결과통지.예약신청(입력납부용)
금융결제원,140,SKFC,0200,403005,[403005]일반지로납부내역간략조회
금융결제원,140,SKFC,0200,403006,[403006]일반지로납부내역상세조회
금융결제원,140,SKFC,0200,623002,[623002]건별예약현황상세조회
금융결제원,140,SKFC,0200,623007,[623007]건별예약현황간략조회
금융결제원,140,SKFC,0200,995005,[995005]지로이용기관조회
금융결제원,140,SKFC,0210,301005,[301005]4대징수고지내역간략조회
금융결제원,140,SKFC,0210,301006,[301006]4대징수건보연금고지내역상세조회
금융결제원,140,SKFC,0210,301007,[301007]사회보험징수통합고지내역간략조회
금융결제원,140,SKFC,0210,302005,[302005]4대징수납부결과통지
금융결제원,140,SKFC,0210,303006,[303006]4대징수납부내역상세조회
금융결제원,140,SKFC,0210,303007,[303007]4대징수납부내역간략조회
금융결제원,140,SKFC,0210,401005,[401005]일반지로고지내역간략조회
금융결제원,140,SKFC,0210,402001,[402001]일반지로납부결과통지.예약신청(조회납부용)
금융결제원,140,SKFC,0210,402005,[402005]일반지로납부결과통지.예약신청(입력납부용)
금융결제원,140,SKFC,0210,403005,[403005]일반지로납부내역간략조회
금융결제원,140,SKFC,0210,403006,[403006]일반지로납부내역상세조회
금융결제원,140,SKFC,0210,623002,[623002]건별예약현황상세조회
금융결제원,140,SKFC,0210,623007,[623007]건별예약현황간략조회
금융결제원,140,SKFC,0210,995005,[995005]지로이용기관조회
금융결제원,140,SKFC,0410,992001,[992001]납부(재)취소
금융결제원,140,SKFC,0420,992001,[992001]납부(재)취소
금융결제원,140,SKFC,0800,000301,[000301]회선시험
금융결제원,140,SKFC,0810,000301,[000301]회선시험
금융결제원,140,SKFE,0200,501100,[501100]주민등록증진위확인
금융결제원,140,SKFE,0200,501110,[501110]운전면허증진위확인
금융결제원,140,SKFE,0200,501120,[501120]외국인등록증진위확인
금융결제원,140,SKFE,0200,501130,[501130]국가유공자증진위확인
금융결제원,140,SKFE,0200,501140,[501140]장애인등록증진위확인
금융결제원,140,SKFE,0200,501150,[501150]여권진위확인
금융결제원,140,SKFG,S001,T00001,[T00001]토큰발급
네이버,152,SNV0,S001,T00001,[T00001]고지서발송요청
네이버,152,SNV0,S001,T00002,[T00002]nonce 유효성 검증
네이버,152,SNV0,S001,T00003,[T00003]상태조회
쿠프마케팅,155,RCP0,I,AT,[AT]폐기이력수신
쿠프마케팅,155,RCP0,I,EN,[EN]연장이력수신
쿠프마케팅,155,SCP0,I,L0,[L0]조회요청
쿠프마케팅,155,SCP0,I,L1,[L1]승인요청
쿠프마케팅,155,SCP0,I,L2,[L2]취소요청
쿠프마케팅,155,SCP0,O,L0,[L0]조회요청
쿠프마케팅,155,SCP0,O,L1,[L1]승인요청
쿠프마케팅,155,SCP0,O,L2,[L2]취소요청
KCB,164,SCB0,0700,BSA,[BSA]휴대폰인증및인증문자발송(생년월일)
KCB,164,SCB0,0700,CNFJ,[CNFJ]휴대폰인증번호확인
KCB,164,SCB0,0700,CNF,[CNF]휴대폰인증번호확인(생년월일)
KCB,164,SCB0,0700,JSA,[JSA]휴대폰인증및인증문자발송
KCB,164,SCB0,0710,BSA,[BSA]휴대폰인증및인증문자발송(생년월일)
KCB,164,SCB0,0710,CNFJ,[CNFJ]휴대폰인증번호확인
KCB,164,SCB0,0710,CNF,[CNF]휴대폰인증번호확인(생년월일)
KCB,164,SCB0,0710,JSA,[JSA]휴대폰인증및인증문자발송
KCB,164,SCB0,0800,840,[840]회선체크
KCB,164,SCB0,0810,840,[840]회선체크
KCB,164,SCB0,2500,100,[100]본인확인결과확인
KCB,164,SCB0,2500,210,[210]간편인증
KCB,164,SCB0,2510,100,[100]본인확인결과확인
KCB,164,SCB0,2510,210,[210]간편인증
두나무,168,SDN0,0200,1000,[1000]비상장주권거래요청
두나무,168,SDN0,0200,1200,[1200]비상장분할매매체결
두나무,168,SDN0,0210,1000,[1000]비상장주권거래요청
두나무,168,SDN0,0210,1200,[1200]비상장분할매매체결
두나무,168,SDN0,0800,9999,[9999]TESTCALL
두나무,168,SDN0,0810,9999,[9999]TESTCALL
금융결제원,140,SKFP,S001,T00001,[T00001]토큰발급
금융결제원,140,SKFP,S002,T00001,[T00001]계좌해지
금융결제원,140,SKFP,S002,T00002,[T00002]사용자계좌등록
금융결제원,140,SKFP,S002,T00003,[T00003]계좌정보조회
금융결제원,140,SKFP,S002,T00004,[T00004]카드사용자등록
금융결제원,140,SKFP,S002,T00005,[T00005]카드정보변경
금융결제원,140,SKFP,S002,T00006,[T00006]카드조회해지
금융결제원,140,SKFP,S002,T00007,[T00007]선불계정사용자등록
금융결제원,140,SKFP,S002,T00008,[T00008]선불계정사용자정보변경
금융결제원,140,SKFP,S002,T00009,[T00009]선불계정조회해지
금융결제원,140,SKFP,S002,T00010,[T00010]카드정보조회
금융결제원,140,SKFP,S002,T00011,[T00011]사용자정보조회
금융결제원,140,SKFP,S003,T00001,[T00001]잔액조회
금융결제원,140,SKFP,S003,T00002,[T00002]거래내역조회
금융결제원,140,SKFP,S004,T00001,[T00001]계좌실명조회
금융결제원,140,SKFP,S004,T00002,[T00002]수취조회
금융결제원,140,SKFP,S004,T00003,[T00003]카드목록조회
금융결제원,140,SKFP,S004,T00004,[T00004]카드기본정보조회
금융결제원,140,SKFP,S004,T00005,[T00005]카드청구기본정보조회
금융결제원,140,SKFP,S004,T00006,[T00006]카드청구상세정보조회
금융결제원,140,SKFP,S004,T00007,[T00007]선불계정정보조회
금융결제원,140,SKFP,S004,T00008,[T00008]선불계정잔액조회
금융결제원,140,SKFP,S004,T00009,[T00009]선불계정거래내역조회
금융결제원,140,SKFP,S005,T00001,[T00001]출금이체
금융결제원,140,SKFP,S005,T00002,[T00002]입금이체
금융결제원,140,SKFP,S005,T00003,[T00003]이체결과조회
금융결제원,140,SKFP,S005,T00004,[T00004]자금반환청구
금융결제원,140,SKFP,S005,T00005,[T00005]자금반환결과조회
금융결제원,140,SKFP,S005,T00006,[T00006]고객출금한도조회
금융결제원,140,SKFP,S006,T00001,[T00001]참가은행상태조회
금융결제원,140,SKFP,S006,T00002,[T00002]수수료조회
금융결제원,140,SKFP,S006,T00003,[T00003]집계조회
IBK기업은행,003,R030,0200,3210,[3210]입금
IBK기업은행,003,R030,0200,4210,[4210]CD기출금
IBK기업은행,003,R030,0200,5330,[5330]증권계좌출금전잔액조회(CD)
IBK기업은행,003,R030,0200,6811,[6811]증권사실명확인(주택)계좌개설금
IBK기업은행,003,R030,0200,6820,[6820]계좌신규통보(은행개설)
IBK기업은행,003,R030,0200,6830,[6830]현금카드발급등록(주택개설)
IBK기업은행,003,R030,0200,6840,[6840]증권카드사고해제
IBK기업은행,003,R030,0200,6850,[6850]임시접속 비밀번호 등록
IBK기업은행,003,R030,0200,6870,[6870]계좌해지(연계해제)
IBK기업은행,003,R030,0200,6880,[6880]연계은행계좌변경
IBK기업은행,003,R030,0800,1130,[1130]업무종료예고
IBK기업은행,003,R030,0800,1140,[1140]업무종료
IBK기업은행,003,R030,0800,1150,[1150]장애통보및한도초과통보
IBK기업은행,003,R030,0800,1151,[1151]장애해제
IBK기업은행,003,R030,5200,3130,[3130]이체불능통보
IBK기업은행,003,R030,5400,3240,[3240]입금취소
IBK기업은행,003,R030,5400,4220,[4220]CD기출금취소
IBK기업은행,003,R030,5400,6811,[6811]증권사실명확인(주택)계좌개설금취소
IBK기업은행,003,R030,5400,6820,[6820]계좌신규통보취소(은행개설)
IBK기업은행,003,R034,0200,5110,[5110]국민주택채권입고
IBK기업은행,003,R034,0200,5150,[5150]중도상환집계조회(응답)
IBK기업은행,003,S030,0200,3120,[3120]송금(출금및이체송금)
IBK기업은행,003,S030,0200,5320,[5320]은행계좌명조회
IBK기업은행,003,S030,0200,7121,[7121]대표계좌한도잔액조회
IBK기업은행,003,S030,0200,7141,[7141]전문(이체)처리결과조회
IBK기업은행,003,S030,0200,9450,[9450]은행계좌출금이체
IBK기업은행,003,S030,0200,9451,[9451]연결계좌잔액조회
IBK기업은행,003,S030,0210,3120,[3120]송금(출금및이체송금)
IBK기업은행,003,S030,0210,5320,[5320]은행계좌명조회
IBK기업은행,003,S030,0210,7121,[7121]대표계좌한도잔액조회
IBK기업은행,003,S030,0210,7141,[7141]전문(이체)처리결과조회
IBK기업은행,003,S030,0210,9450,[9450]은행계좌출금이체
IBK기업은행,003,S030,0210,9451,[9451]연결계좌잔액조회
IBK기업은행,003,S030,0700,8120,[8120]마감및집계조회
IBK기업은행,003,S030,0700,8140,[8140]CD환집계(영업점별전체)
IBK기업은행,003,S030,0710,8120,[8120]마감및집계조회
IBK기업은행,003,S030,0710,8140,[8140]CD환집계(영업점별전체)
IBK기업은행,003,S030,0800,1110,[1110]업무개시
IBK기업은행,003,S030,0800,1130,[1130]업무종료예고
IBK기업은행,003,S030,0800,1140,[1140]업무종료
IBK기업은행,003,S030,0800,1150,[1150]장애통보및한도초과통보
IBK기업은행,003,S030,0800,1151,[1151]장애해제
IBK기업은행,003,S030,0800,1190,[1190]회선체크
IBK기업은행,003,S030,0810,1110,[1110]업무개시
IBK기업은행,003,S030,0810,1130,[1130]업무종료예고
IBK기업은행,003,S030,0810,1140,[1140]업무종료
IBK기업은행,003,S030,0810,1150,[1150]장애통보및한도초과통보
IBK기업은행,003,S030,0810,1151,[1151]장애해제
IBK기업은행,003,S030,0810,1190,[1190]회선체크
IBK기업은행,003,S030,5400,3140,[3140]송금취소
IBK기업은행,003,S030,5410,3140,[3140]송금취소
IBK기업은행,003,S033,0106,200,[200]계좌신규개설및해지요청
IBK기업은행,003,S033,0106,400,[400]금리조회
IBK기업은행,003,S033,0106,500,[500]계좌정보조회
IBK기업은행,003,S033,0106,600,[600]잔액정보조회
IBK기업은행,003,S033,0116,300,[300]만기해지내역응답
IBK기업은행,003,S034,0200,5120,[5120]집계조회
IBK기업은행,003,S034,0200,5130,[5130]중도상환출고및취소
IBK기업은행,003,S034,0200,5140,[5140]단가통보(건별)
IBK기업은행,003,S034,0200,5150,[5150]중도상환집계조회
IBK기업은행,003,S034,0200,5160,[5160]단가통보
IBK기업은행,003,S034,0210,5120,[5120]집계조회
IBK기업은행,003,S034,0210,5130,[5130]중도상환출고및취소
IBK기업은행,003,S034,0210,5140,[5140]단가통보(건별)
IBK기업은행,003,S034,0210,5160,[5160]단가통보
IBK기업은행,003,S034,0800,1190,[1190]회선체크
IBK기업은행,003,S034,0810,1190,[1190]회선체크
IBK기업은행,003,S035,0200,9450,[9450]은행계좌출금이체
IBK기업은행,003,S035,0200,9451,[9451]연결계좌잔액조회
IBK기업은행,003,S035,0210,9450,[9450]은행계좌출금이체
IBK기업은행,003,S035,0210,9451,[9451]연결계좌잔액조회
IBK기업은행,003,S035,0700,8120,[8120]마감및집계조회
IBK기업은행,003,S035,0700,8140,[8140]CD환집계(영업점별전체)
IBK기업은행,003,S035,0710,8120,[8120]마감및집계조회
IBK기업은행,003,S035,0710,8140,[8140]CD환집계(영업점별전체)
IBK기업은행,003,S035,0800,1110,[1110]업무개시
IBK기업은행,003,S035,0800,1130,[1130]업무종료예고
IBK기업은행,003,S035,0800,1140,[1140]업무종료
IBK기업은행,003,S035,0800,1150,[1150]장애통보및한도초과통보
IBK기업은행,003,S035,0800,1151,[1151]장애해제
IBK기업은행,003,S035,0800,1190,[1190]회선체크
IBK기업은행,003,S035,0810,1110,[1110]업무개시
IBK기업은행,003,S035,0810,1130,[1130]업무종료예고
IBK기업은행,003,S035,0810,1140,[1140]업무종료
IBK기업은행,003,S035,0810,1150,[1150]장애통보및한도초과통보
IBK기업은행,003,S035,0810,1151,[1151]장애해제
IBK기업은행,003,S035,0810,1190,[1190]회선체크
IBK기업은행,003,S036,0800,301,[301]회선체크
IBK기업은행,003,S036,0810,301,[301]회선체크
KB국민은행,004,P043,HDRR,REQPOLL,[REQPOLL]폴링전문
KB국민은행,004,R006,0200,3210,[3210]입금
KB국민은행,004,R006,0200,3260,[3260]입금(IC카드)
KB국민은행,004,R006,0200,4210,[4210]CD기출금
KB국민은행,004,R006,0200,4410,[4410]CD출금(IC카드)
KB국민은행,004,R006,0200,4430,[4430]출금이체본거래(IC카드)
KB국민은행,004,R006,0200,5110,[5110]국민주택채권입고
KB국민은행,004,R006,0200,5170,[5170]중도상환수취조회요청
KB국민은행,004,R006,0200,5330,[5330]증권계좌출금전잔액조회(CD)
KB국민은행,004,R006,0200,5370,[5370]입금전수취조회(IC카드)
KB국민은행,004,R006,0200,5390,[5390]증권계좌잔액조회(입금예비)
KB국민은행,004,R006,0200,5810,[5810]잔액조회(IC카드)
KB국민은행,004,R006,0200,5820,[5820]출금이체수취조회(IC카드)
KB국민은행,004,R006,0200,5830,[5830]출금전수수료조회(IC카드)
KB국민은행,004,R006,0200,6681,[6681]증권계좌IC칩재기록사전정보조회
KB국민은행,004,R006,0200,6682,[6682]증권계좌IC카드발행등록(국민개설)
KB국민은행,004,R006,0200,6811,[6811]증권사실명확인(주택)계좌개설금
KB국민은행,004,R006,0200,6815,[6815]비대면채널 실명대행 등록 사전조회 거래
KB국민은행,004,R006,0200,6816,[6816]비대면채널 실명대행 등록거래
KB국민은행,004,R006,0200,6817,[6817]비대면개설혜택제공가능여부조회
KB국민은행,004,R006,0200,6820,[6820]계좌신규통보(은행개설)
KB국민은행,004,R006,0200,6822,[6822]실명대행 계좌 고객 정보 변경
KB국민은행,004,R006,0200,6830,[6830]현금카드발급등록(주택개설)
KB국민은행,004,R006,0200,6840,[6840]증권카드사고해지
KB국민은행,004,R006,0200,6850,[6850]임시접속 비밀번호등록(주택개설)
KB국민은행,004,R006,0200,9613,[9613]자동이체출금
KB국민은행,004,R006,0800,1150,[1150]장애통보및한도초과통보
KB국민은행,004,R006,0800,1151,[1151]장애해제
KB국민은행,004,R006,5200,3130,[3130]이체불능통보
KB국민은행,004,R006,5400,3240,[3240]입금취소
KB국민은행,004,R006,5400,4220,[4220]CD기출금취소
KB국민은행,004,R006,5400,4420,[4420]CD출금취소(IC카드)
KB국민은행,004,R006,5400,4440,[4440]출금이체본거래취소(IC카드)
KB국민은행,004,R006,5400,6683,[6683]증권계좌IC카드발행등록취소(국민개설)
KB국민은행,004,R006,5400,6812,[6812]증권사실명확인(주택)자동취소
KB국민은행,004,R040,3000,700,[700]외화송금결과통지
KB국민은행,004,R040,8000,601,[601]외화예금입출금거래명세통지
KB국민은행,004,R040,8000,800,[800]외화송금도착통지
KB국민은행,004,R041,0200,321F,[321F]외화연계계좌입금
KB국민은행,004,R041,0200,539F,[539F]외화연계계좌수취조회(입금예비)
KB국민은행,004,R042,0200,3610,[3610]증권통장개설등록
KB국민은행,004,R042,0200,3611,[3611]비대면신규예비개설등록
KB국민은행,004,R042,0200,3612,[3612]비대면신규완료통지
KB국민은행,004,R042,0200,3620,[3620]증권통장개설등록해지
KB국민은행,004,R042,0200,3630,[3630]입금내역통보
KB국민은행,004,R042,0200,3640,[3640]출금내역통보
KB국민은행,004,R042,0200,3650,[3650]계좌정보변경통보
KB국민은행,004,R042,0200,3670,[3670]기타등록해제거래
KB국민은행,004,R042,0200,6822,[6822]실명대행 계좌 고객 정보 변경
KB국민은행,004,R043,0200,001,[001]고객자산군별현황
KB국민은행,004,R043,0200,002,[002]계좌별잔고현황
KB국민은행,004,R043,0200,003,[003]부점별만기계좌조회
KB국민은행,004,R044,0200,4610,[4610]외화통장개설등록
KB국민은행,004,R044,0200,4611,[4611]비대면신규예비개설등록
KB국민은행,004,R044,0200,4612,[4612]비대면신규완료통지
KB국민은행,004,R044,0200,4620,[4620]외화통장해지
KB국민은행,004,R044,0200,4630,[4630]입금내역통보
KB국민은행,004,R044,0200,4640,[4640]지급내역통보
KB국민은행,004,R044,0200,4650,[4650]계좌정보변경통보
KB국민은행,004,R044,0200,4670,[4670]기타등록해제거래
KB국민은행,004,R044,0200,6822,[6822]실명대행 계좌 고객 정보 변경
KB국민은행,004,RKK0,0200,L100,[L100]거래집계조회
KB국민은행,004,RKK0,0200,L300,[L300]리브해지거래
KB국민은행,004,S006,0200,3120,[3120]송금(출금및이체송금)
KB국민은행,004,S006,0200,5120,[5120]국민주택채권집계조회
KB국민은행,004,S006,0200,5130,[5130]국민주택채권중도상환출고및취소
KB국민은행,004,S006,0200,5140,[5140]국민주택채권단가통보(건별)
KB국민은행,004,S006,0200,5150,[5150]국민주택채권중도상환집계조회
KB국민은행,004,S006,0200,5160,[5160]국민주택채권단가통보
KB국민은행,004,S006,0200,5180,[5180]중도상환수취조회결과
KB국민은행,004,S006,0200,5320,[5320]은행계좌명조회
KB국민은행,004,S006,0200,6520,[6520]연계계좌신규(당사개설)
KB국민은행,004,S006,0200,6530,[6530]연계계좌해지
KB국민은행,004,S006,0200,6531,[6531]연계계좌해지취소
KB국민은행,004,S006,0200,6540,[6540]연계계좌정보변경
KB국민은행,004,S006,0200,6541,[6541]연계제휴계좌변경
KB국민은행,004,S006,0200,6550,[6550]연계계좌및카드즉석발급(현금)
KB국민은행,004,S006,0200,6551,[6551]연계계좌및카드즉석발급(현금)해지
KB국민은행,004,S006,0200,6610,[6610]연계카드발급(스피드)
KB국민은행,004,S006,0200,6611,[6611]연계카드발급(스피드)및취소
KB국민은행,004,S006,0200,6620,[6620]연계카드발급(스피드)해지및회수
KB국민은행,004,S006,0200,6680,[6680]제휴IC카드관리
KB국민은행,004,S006,0200,7121,[7121]대표계좌한도잔액조회
KB국민은행,004,S006,0200,7131,[7131]대표계좌거래내역조회
KB국민은행,004,S006,0200,7141,[7141]전문(이체)처리결과조회
KB국민은행,004,S006,0200,7613,[7613]수수료징수내역조회
KB국민은행,004,S006,0200,7614,[7614]연계계좌및카드정보조회
KB국민은행,004,S006,0200,9451,[9451]입금요구잔액조회
KB국민은행,004,S006,0200,9452,[9452]입금요구본거래
KB국민은행,004,S006,0210,3120,[3120]송금(출금및이체송금)
KB국민은행,004,S006,0210,5120,[5120]국민주택채권집계조회
KB국민은행,004,S006,0210,5130,[5130]국민주택채권중도상환출고및취소
KB국민은행,004,S006,0210,5140,[5140]국민주택채권단가통보(건별)
KB국민은행,004,S006,0210,5150,[5150]국민주택채권중도상환집계조회
KB국민은행,004,S006,0210,5160,[5160]국민주택채권단가통보
KB국민은행,004,S006,0210,5180,[5180]중도상환수취조회결과
KB국민은행,004,S006,0210,5320,[5320]은행계좌명조회
KB국민은행,004,S006,0210,6520,[6520]연계계좌신규(당사개설)
KB국민은행,004,S006,0210,6530,[6530]연계계좌해지
KB국민은행,004,S006,0210,6531,[6531]연계계좌해지취소
KB국민은행,004,S006,0210,6540,[6540]연계계좌정보변경
KB국민은행,004,S006,0210,6541,[6541]연계제휴계좌변경
KB국민은행,004,S006,0210,6550,[6550]연계계좌및카드즉석발급(현금)
KB국민은행,004,S006,0210,6551,[6551]연계계좌및카드즉석발급(현금)해지
KB국민은행,004,S006,0210,6610,[6610]연계카드발급(스피드)
KB국민은행,004,S006,0210,6611,[6611]연계카드발급(스피드)및취소
KB국민은행,004,S006,0210,6620,[6620]연계카드발급(스피드)해지및회수
KB국민은행,004,S006,0210,6680,[6680]제휴IC카드관리
KB국민은행,004,S006,0210,7121,[7121]대표계좌한도잔액조회
KB국민은행,004,S006,0210,7131,[7131]대표계좌거래내역조회
KB국민은행,004,S006,0210,7141,[7141]전문(이체)처리결과조회
KB국민은행,004,S006,0210,7613,[7613]수수료징수내역조회
KB국민은행,004,S006,0210,7614,[7614]연계계좌및카드정보조회
KB국민은행,004,S006,0210,9451,[9451]입금요구잔액조회
KB국민은행,004,S006,0210,9452,[9452]입금요구본거래
KB국민은행,004,S006,0700,8120,[8120]마감및집계조회
KB국민은행,004,S006,0700,8140,[8140]CD환집계(영업점별전체)
KB국민은행,004,S006,0710,8120,[8120]마감및집계조회
KB국민은행,004,S006,0710,8140,[8140]CD환집계(영업점별전체)
KB국민은행,004,S006,0800,1110,[1110]업무개시
KB국민은행,004,S006,0800,1120,[1120]업무재개시
KB국민은행,004,S006,0800,1130,[1130]업무종료예고
KB국민은행,004,S006,0800,1140,[1140]업무종료
KB국민은행,004,S006,0800,1150,[1150]장애통보및한도초과통보
KB국민은행,004,S006,0800,1151,[1151]장애해제
KB국민은행,004,S006,0800,1190,[1190]회선체크
KB국민은행,004,S006,0810,1110,[1110]업무개시
KB국민은행,004,S006,0810,1120,[1120]업무재개시
KB국민은행,004,S006,0810,1130,[1130]업무종료예고
KB국민은행,004,S006,0810,1140,[1140]업무종료
KB국민은행,004,S006,0810,1150,[1150]장애통보및한도초과통보
KB국민은행,004,S006,0810,1151,[1151]장애해제
KB국민은행,004,S006,0810,1190,[1190]회선체크
KB국민은행,004,S006,5400,3140,[3140]송금취소
KB국민은행,004,S006,5410,3140,[3140]송금취소
KB국민은행,004,S040,1000,100,[100]업무개시
KB국민은행,004,S040,1100,100,[100]업무개시
KB국민은행,004,S040,2000,500,[500]외화송금의뢰
KB국민은행,004,S040,2000,600,[600]외화송금의뢰취소
KB국민은행,004,S040,2100,500,[500]외화송금의뢰
KB국민은행,004,S040,2100,600,[600]외화송금의뢰취소
KB국민은행,004,S040,6000,400,[400]국내외화당행예금주명조회요구
KB국민은행,004,S040,6000,520,[520]환율정보거래
KB국민은행,004,S040,6100,400,[400]국내외화당행예금주명조회요구
KB국민은행,004,S040,6100,520,[520]환율정보거래
KB국민은행,004,S040,7000,900,[900]외화예금잔액조회
KB국민은행,004,S040,7100,900,[900]외화예금잔액조회
KB국민은행,004,S041,0200,652F,[652F]외화연계계좌신규
KB국민은행,004,S041,0200,653F,[653F]외화연계계좌해지
KB국민은행,004,S041,0200,654F,[654F]외화연계계좌정보변경
KB국민은행,004,S041,0210,652F,[652F]외화연계계좌신규
KB국민은행,004,S041,0210,653F,[653F]외화연계계좌해지
KB국민은행,004,S041,0210,654F,[654F]외화연계계좌정보변경
KB국민은행,004,S041,0800,111F,[111F]업무개시
KB국민은행,004,S041,0800,112F,[112F]업무재개시
KB국민은행,004,S041,0800,113F,[113F]업무종료예고
KB국민은행,004,S041,0800,114F,[114F]업무종료
KB국민은행,004,S041,0800,115F,[115F]장애통보및한도초과통보
KB국민은행,004,S041,0800,116F,[116F]장애해제
KB국민은행,004,S041,0800,119F,[119F]회선체크
KB국민은행,004,S041,0810,111F,[111F]업무개시
KB국민은행,004,S041,0810,112F,[112F]업무재개시
KB국민은행,004,S041,0810,113F,[113F]업무종료예고
KB국민은행,004,S041,0810,114F,[114F]업무종료
KB국민은행,004,S041,0810,115F,[115F]장애통보및한도초과통보
KB국민은행,004,S041,0810,116F,[116F]장애해제
KB국민은행,004,S041,0810,119F,[119F]회선체크
KB국민은행,004,S041,5400,652F,[652F]외화연계계좌신규취소
KB국민은행,004,S041,5410,652F,[652F]외화연계계좌신규취소
KB국민은행,004,S042,0200,3120,[3120]송금(모계좌송금)
KB국민은행,004,S042,0200,3710,[3710]자금결제(매수)
KB국민은행,004,S042,0200,3711,[3711]자금결제(매수증거금결제)
KB국민은행,004,S042,0200,3712,[3712]자금결제(RP매수)
KB국민은행,004,S042,0200,3720,[3720]자금결제(매도)
KB국민은행,004,S042,0200,3722,[3722]자금결제(RP매도)
KB국민은행,004,S042,0200,3730,[3730]지급정지등록
KB국민은행,004,S042,0200,3741,[3741]집계조회요청
KB국민은행,004,S042,0200,3750,[3750]결번요구
KB국민은행,004,S042,0200,3751,[3751]결번요구(글로벌원마켓)
KB국민은행,004,S042,0200,3810,[3810]잔액조회
KB국민은행,004,S042,0200,3840,[3840]ID등록관리
KB국민은행,004,S042,0200,7121,[7121]대표계좌한도잔액조회
KB국민은행,004,S042,0210,3120,[3120]송금(모계좌송금)
KB국민은행,004,S042,0210,3621,[3621]증권통장개설등록해지
KB국민은행,004,S042,0210,3710,[3710]자금결제(매수)
KB국민은행,004,S042,0210,3711,[3711]자금결제(매수증거금결제)
KB국민은행,004,S042,0210,3712,[3712]자금결제(RP매수)
KB국민은행,004,S042,0210,3720,[3720]자금결제(매도)
KB국민은행,004,S042,0210,3722,[3722]자금결제(RP매도)
KB국민은행,004,S042,0210,3730,[3730]지급정지등록
KB국민은행,004,S042,0210,3740,[3740]집계조회
KB국민은행,004,S042,0210,3741,[3741]집계조회요청
KB국민은행,004,S042,0210,3750,[3750]결번요구
KB국민은행,004,S042,0210,3751,[3751]결번요구(글로벌원마켓)
KB국민은행,004,S042,0210,3810,[3810]잔액조회
KB국민은행,004,S042,0210,3840,[3840]ID등록관리
KB국민은행,004,S042,0210,7121,[7121]대표계좌한도잔액조회
KB국민은행,004,S042,0800,1110,[1110]업무개시
KB국민은행,004,S042,0800,1120,[1120]업무재개시
KB국민은행,004,S042,0800,1130,[1130]업무종료예고
KB국민은행,004,S042,0800,1140,[1140]업무종료
KB국민은행,004,S042,0800,1150,[1150]장애통보및한도초과통보
KB국민은행,004,S042,0800,1151,[1151]장애해제
KB국민은행,004,S042,0800,1190,[1190]회선체크
KB국민은행,004,S042,0810,1110,[1110]업무개시
KB국민은행,004,S042,0810,1120,[1120]업무재개시
KB국민은행,004,S042,0810,1130,[1130]업무종료예고
KB국민은행,004,S042,0810,1140,[1140]업무종료
KB국민은행,004,S042,0810,1150,[1150]장애통보및한도초과통보
KB국민은행,004,S042,0810,1151,[1151]장애해제
KB국민은행,004,S042,0810,1190,[1190]회선체크
KB국민은행,004,S044,0200,3751,[3751]결번요구(글로벌원마켓)
KB국민은행,004,S044,0200,4621,[4621]외화통장해지
KB국민은행,004,S044,0200,4710,[4710]자금결제(매수결제)
KB국민은행,004,S044,0200,4720,[4720]자금결제(매도결제)
KB국민은행,004,S044,0200,4730,[4730]지급정지등록
KB국민은행,004,S044,0200,4750,[4750]결번요구
KB국민은행,004,S044,0200,4760,[4760]최종거래번호조회
KB국민은행,004,S044,0200,4810,[4810]잔액조회
KB국민은행,004,S044,0210,3751,[3751]결번요구(글로벌원마켓)
KB국민은행,004,S044,0210,4621,[4621]외화통장해지
KB국민은행,004,S044,0210,4710,[4710]자금결제(매수결제)
KB국민은행,004,S044,0210,4720,[4720]자금결제(매도결제)
KB국민은행,004,S044,0210,4730,[4730]지급정지등록
KB국민은행,004,S044,0210,4750,[4750]결번요구
KB국민은행,004,S044,0210,4760,[4760]최종거래번호조회
KB국민은행,004,S044,0210,4810,[4810]잔액조회
KB국민은행,004,S044,0800,1110,[1110]업무개시
KB국민은행,004,S044,0800,1120,[1120]업무재개시
KB국민은행,004,S044,0800,1130,[1130]업무종료예고
KB국민은행,004,S044,0800,1140,[1140]업무종료
KB국민은행,004,S044,0800,1150,[1150]장애통보및한도초과통보
KB국민은행,004,S044,0800,1151,[1151]장애해제
KB국민은행,004,S044,0800,1190,[1190]회선체크
KB국민은행,004,S044,0810,1110,[1110]업무개시
KB국민은행,004,S044,0810,1120,[1120]업무재개시
KB국민은행,004,S044,0810,1130,[1130]업무종료예고
KB국민은행,004,S044,0810,1140,[1140]업무종료
KB국민은행,004,S044,0810,1150,[1150]장애통보및한도초과통보
KB국민은행,004,S044,0810,1151,[1151]장애해제
KB국민은행,004,S044,0810,1190,[1190]회선체크
KB국민은행,004,S046,0200,1001,[1001]난수번호쿠폰등록완료통보
KB국민은행,004,S046,0210,1001,[1001]난수번호쿠폰등록완료통보
KB국민은행,004,S046,0800,1190,[1190]회선체크
KB국민은행,004,S046,0810,1190,[1190]회선체크
KB국민은행,004,S048,0200,1100,[1100]거래환율조회
KB국민은행,004,S048,0200,2100,[2100]환전실행(외화예금입금)
KB국민은행,004,S048,0200,2200,[2200]환전실행(외화예금출금)
KB국민은행,004,S048,0210,1100,[1100]거래환율조회
KB국민은행,004,S048,0210,2100,[2100]환전실행(외화예금입금)
KB국민은행,004,S048,0210,2200,[2200]환전실행(외화예금출금)
KB국민은행,004,SKK0,0200,L200,[L200]거래집계조회
KB국민은행,004,SKK0,0200,L400,[L400]리브해지거래
KB국민은행,004,SKK0,0210,L200,[L200]거래집계조회
KB국민은행,004,SKK0,0210,L400,[L400]리브해지거래
KB국민은행,004,SKK0,0800,L999,[L999]TESTCALL
KB국민은행,004,SKK0,0810,L999,[L999]TESTCALL
NH농협은행,011,R110,0200,1100,[1100]입금
NH농협은행,011,R110,0200,1200,[1200]자동이체
NH농협은행,011,R110,0200,2100,[2100]CD기출금
NH농협은행,011,R110,0200,2300,[2300]결재대금출금
NH농협은행,011,R110,0200,3110,[3110]입금(이체)
NH농협은행,011,R110,0200,3120,[3120]CD기출금이체
NH농협은행,011,R110,0200,4110,[4110]증권계좌잔액조회(입금예비)
NH농협은행,011,R110,0200,4310,[4310]증권계좌출금전잔액조회(CD)
NH농협은행,011,R110,0200,6220,[6220]모계좌한도부족통보
NH농협은행,011,R110,0400,1100,[1100]입금 취소
NH농협은행,011,R110,0400,2100,[2100]CD기출금취소
NH농협은행,011,R110,0400,2300,[2300]결재대금출금취소
NH농협은행,011,R110,0400,3110,[3110]입금(이체) 취소
NH농협은행,011,R110,0400,3120,[3120]CD기출금이체취소
NH농협은행,011,R110,0401,1100,[1100]입금 취소(재요구)
NH농협은행,011,R110,0401,2100,[2100]CD기출금취소(재요구)
NH농협은행,011,R110,0401,2300,[2300]결재대금출금취소(재요구)
NH농협은행,011,R110,0401,3110,[3110]입금(이체) 취소
NH농협은행,011,R110,0401,3120,[3120]CD기출금이체취소
NH농협은행,011,R110,0700,1100,[1100]마감및집계조회
NH농협은행,011,R110,0800,001,[001]업무개시
NH농협은행,011,R110,0800,002,[002]업무재개시
NH농협은행,011,R110,0800,003,[003]업무종료예고
NH농협은행,011,R110,0800,004,[004]업무종료
NH농협은행,011,R110,0800,005,[005]장애
NH농협은행,011,R110,0800,006,[006]장애회복
NH농협은행,011,R111,1000,300,[300]장애통보및한도초과통보
NH농협은행,011,R111,3000,100,[100]이체불능통보
NH농협은행,011,R111,5000,100,[100]연결은행계좌개설및변경
NH농협은행,011,R111,5000,200,[200]연결은행계좌개설및변경(신규통보)
NH농협은행,011,R112,0200,5110,[5110]국민주택채권입고
NH농협은행,011,R112,0200,5150,[5150]중도상환집계조회(응답)
NH농협은행,011,S110,0200,3210,[3210]송금(송금및이체송금)
NH농협은행,011,S110,0200,4210,[4210]은행계좌명조회
NH농협은행,011,S110,0200,6210,[6210]모계좌한도등록
NH농협은행,011,S110,0200,6250,[6250]대표계좌한도잔액조회
NH농협은행,011,S110,0200,6700,[6700]연계계좌신규(당사개설)
NH농협은행,011,S110,0210,3210,[3210]송금(송금및이체송금)
NH농협은행,011,S110,0210,4210,[4210]은행계좌명조회
NH농협은행,011,S110,0210,6210,[6210]모계좌한도등록
NH농협은행,011,S110,0210,6250,[6250]대표계좌한도잔액조회
NH농협은행,011,S110,0210,6700,[6700]연계계좌신규(당사개설)
NH농협은행,011,S110,0700,1100,[1100]마감및집계조회
NH농협은행,011,S110,0710,1100,[1100]마감및집계조회
NH농협은행,011,S110,0800,001,[001]업무개시
NH농협은행,011,S110,0800,002,[002]업무재개시
NH농협은행,011,S110,0800,003,[003]업무종료예고
NH농협은행,011,S110,0800,004,[004]업무종료
NH농협은행,011,S110,0800,005,[005]장애통보
NH농협은행,011,S110,0800,006,[006]장애회복
NH농협은행,011,S110,0800,007,[007]회선체크
NH농협은행,011,S110,0810,001,[001]업무개시
NH농협은행,011,S110,0810,002,[002]업무재개시
NH농협은행,011,S110,0810,003,[003]업무종료예고
NH농협은행,011,S110,0810,004,[004]업무종료
NH농협은행,011,S110,0810,005,[005]장애통보
NH농협은행,011,S110,0810,006,[006]장애회복
NH농협은행,011,S110,0810,007,[007]회선체크
NH농협은행,011,S111,1000,100,[100]업무개시
NH농협은행,011,S111,1000,200,[200]업무종료
NH농협은행,011,S111,1000,400,[400]업무종료예고
NH농협은행,011,S111,1000,500,[500]테스트전문(CD)
NH농협은행,011,S111,1100,100,[100]업무개시
NH농협은행,011,S111,1100,200,[200]업무종료
NH농협은행,011,S111,1100,400,[400]업무종료예고
NH농협은행,011,S111,1100,500,[500]테스트전문(CD)
NH농협은행,011,S111,2000,100,[100]송금(출금및이체송금)
NH농협은행,011,S111,2000,200,[200]입금(입금이체)요구
NH농협은행,011,S111,2000,400,[400]계좌유지수수료
NH농협은행,011,S111,2000,410,[410]계좌유지수수료종료
NH농협은행,011,S111,2100,100,[100]송금(출금및이체송금)
NH농협은행,011,S111,2100,200,[200]입금(입금이체)요구
NH농협은행,011,S111,2100,400,[400]계좌유지수수료
NH농협은행,011,S111,2100,410,[410]계좌유지수수료종료
NH농협은행,011,S111,7000,200,[200]은행계좌잔액조회(연결계좌)
NH농협은행,011,S111,7000,400,[400]마감및집계조회
NH농협은행,011,S111,7100,200,[200]은행계좌잔액조회(연결계좌)
NH농협은행,011,S111,7100,400,[400]마감및집계조회
NH농협은행,011,S112,0200,5120,[5120]집계조회
NH농협은행,011,S112,0200,5130,[5130]중도상환출고및취소
NH농협은행,011,S112,0200,5140,[5140]단가통보(건별)
NH농협은행,011,S112,0200,5150,[5150]중도상환집계조회
NH농협은행,011,S112,0200,5160,[5160]단가통보
NH농협은행,011,S112,0210,5120,[5120]집계조회
NH농협은행,011,S112,0210,5130,[5130]중도상환출고및취소
NH농협은행,011,S112,0210,5140,[5140]단가통보(건별)
NH농협은행,011,S112,0210,5160,[5160]단가통보
NH농협은행,011,S112,0800,1190,[1190]회선체크
NH농협은행,011,S112,0810,1190,[1190]회선체크
우리은행,020,R200,0200,5110,[5110]국민주택채권입고
우리은행,020,R200,0200,5150,[5150]중도상환집계조회(응답)
우리은행,020,R200,1100,2100,[2100]연결은행계좌개설및변경
우리은행,020,R200,1100,2200,[2200]계좌번호변경
우리은행,020,R200,1100,2300,[2300]연결은행계좌개설및변경(신규통보)
우리은행,020,R200,1100,2400,[2400]계좌연결해제
우리은행,020,R200,1100,2700,[2700]연결은행계좌정보변경(외국인)
우리은행,020,R200,3100,2100,[2100]연결은행계좌개설(선물)
우리은행,020,R200,3100,2300,[2300]연결은행계좌변경(선물)
우리은행,020,R200,3100,2400,[2400]계좌연결해제(선물)
우리은행,020,R201,0200,301,[301]급여입금
우리은행,020,R201,0400,101,[101]이체불능통보
우리은행,020,R202,0200,350,[350]부도출금통보
우리은행,020,R202,0200,400,[400]증권계좌잔액조회(입금예비)
우리은행,020,R202,0200,600,[600]입금
우리은행,020,R202,0420,350,[350]부도출금통보취소
우리은행,020,R202,0420,700,[700]입금취소
우리은행,020,R203,0900,100,[100]결제대금출금
우리은행,020,R203,0999,100,[100]자동이체집계완료
우리은행,020,R204,0200,013000,[013000]CD기 출금
우리은행,020,R204,0200,310030,[310030]잔액조회(이체)
우리은행,020,R204,0200,313000,[313000]잔액조회(CD)
우리은행,020,R204,0200,413000,[413000]CD기 출금이체
우리은행,020,R204,0420,013000,[013000]CD기 출금취소
우리은행,020,R204,0420,413000,[413000]CD기 출금취소(이체)
우리은행,020,R204,0800,001,[001]업무개시
우리은행,020,R204,0800,002,[002]업무종료예고
우리은행,020,R204,0800,040,[040]업무종료
우리은행,020,R204,0800,301,[301]테스트전문
우리은행,020,R204,0800,888,[888]일시거래중지해제(장애해제)
우리은행,020,R204,0800,999,[999]일시거래중지(장애및한도초과
우리은행,020,R204,8000,013000,[013000]마감및집계조회
우리은행,020,S200,0200,5120,[5120]집계조회
우리은행,020,S200,0200,5130,[5130]중도상환출고및취소
우리은행,020,S200,0200,5140,[5140]단가통보(건별)
우리은행,020,S200,0200,5150,[5150]중도상환집계조회
우리은행,020,S200,0200,5160,[5160]단가통보
우리은행,020,S200,0210,5120,[5120]집계조회
우리은행,020,S200,0210,5130,[5130]중도상환출고및취소
우리은행,020,S200,0210,5140,[5140]단가통보(건별)
우리은행,020,S200,0210,5160,[5160]단가통보
우리은행,020,S200,0700,7200,[7200]마감및집계조회
우리은행,020,S200,0700,7300,[7300]계좌유지수수료
우리은행,020,S200,0710,7200,[7200]마감및집계조회
우리은행,020,S200,0710,7300,[7300]계좌유지수수료
우리은행,020,S200,0800,1100,[1100]업무개시
우리은행,020,S200,0800,1200,[1200]업무재개시
우리은행,020,S200,0800,1400,[1400]업무종료예고
우리은행,020,S200,0800,1500,[1500]업무종료
우리은행,020,S200,0800,1600,[1600]장애통보및한도초과통보
우리은행,020,S200,0800,1700,[1700]장애해제
우리은행,020,S200,0810,1100,[1100]업무개시
우리은행,020,S200,0810,1200,[1200]업무재개시
우리은행,020,S200,0810,1400,[1400]업무종료예고
우리은행,020,S200,0810,1500,[1500]업무종료
우리은행,020,S200,0810,1600,[1600]장애통보및한도초과통보
우리은행,020,S200,0810,1700,[1700]장애해제
우리은행,020,S200,2100,5700,[5700]은행계좌잔액조회(연결계좌)
우리은행,020,S200,2110,5700,[5700]은행계좌잔액조회(연결계좌)
우리은행,020,S200,2200,5500,[5500]입금요구
우리은행,020,S200,2210,5500,[5500]입금요구
우리은행,020,S200,4200,5500,[5500]입금요구
우리은행,020,S200,4210,5500,[5500]입금요구
우리은행,020,S201,0100,101,[101]송금(출금및이체송금)
우리은행,020,S201,0110,101,[101]송금(출금및이체송금)
우리은행,020,S201,0200,641,[641]창구거래결번요구
우리은행,020,S201,0210,641,[641]창구거래결번요구
우리은행,020,S201,0300,101,[101]송금취소
우리은행,020,S201,0310,101,[101]송금취소
우리은행,020,S201,0400,400,[400]은행계좌명조회
우리은행,020,S201,0400,401,[401]은행계좌명조회
우리은행,020,S201,0410,400,[400]은행계좌명조회
우리은행,020,S201,0410,401,[401]은행계좌명조회
우리은행,020,S201,0600,101,[101]전문(이체)처리결과조회
우리은행,020,S201,0600,300,[300]대표계좌한도잔액조회
우리은행,020,S201,0610,101,[101]전문(이체)처리결과조회
우리은행,020,S201,0610,300,[300]대표계좌한도잔액조회
우리은행,020,S201,0700,100,[100]마감및집계조회
우리은행,020,S201,0710,100,[100]마감및집계조회
우리은행,020,S201,0800,100,[100]업무개시
우리은행,020,S201,0800,300,[300]업무종료예고
우리은행,020,S201,0800,400,[400]업무종료
우리은행,020,S201,0800,888,[888]장애해제
우리은행,020,S201,0800,999,[999]장애통보및한도초과통보
우리은행,020,S201,0810,100,[100]업무개시
우리은행,020,S201,0810,300,[300]업무종료예고
우리은행,020,S201,0810,400,[400]업무종료
우리은행,020,S201,0810,888,[888]장애해제
우리은행,020,S201,0810,999,[999]장애통보및한도초과통보
우리은행,020,S202,0700,500,[500]마감및집계조회
우리은행,020,S202,0710,500,[500]마감및집계조회
우리은행,020,S202,0800,100,[100]업무개시
우리은행,020,S202,0800,300,[300]업무종료예고
우리은행,020,S202,0800,400,[400]업무종료
우리은행,020,S202,0810,100,[100]업무개시
우리은행,020,S202,0810,300,[300]업무종료예고
우리은행,020,S202,0810,400,[400]업무종료
우리은행,020,S203,0800,500,[500]테스트콜
우리은행,020,S203,0810,500,[500]테스트콜
우리은행,020,S203,0910,100,[100]결제대금출금
우리은행,020,S203,0980,100,[100]마감및집계조회
우리은행,020,S203,0990,100,[100]마감및집계조회
우리은행,020,S204,0800,001,[001]업무개시
우리은행,020,S204,0800,002,[002]업무종료예고
우리은행,020,S204,0800,040,[040]업무종료
우리은행,020,S204,0800,888,[888]일시거래중지해제(장애해제)
우리은행,020,S204,0800,999,[999]일시거래중지(장애및한도초과)
우리은행,020,S204,0810,001,[001]업무개시
우리은행,020,S204,0810,002,[002]업무종료예고
우리은행,020,S204,0810,040,[040]업무종료
우리은행,020,S204,0810,888,[888]일시거래중지해제(장애해제)
우리은행,020,S204,0810,999,[999]일시거래중지(장애및한도초과)
우리은행,020,S204,8000,013000,[013000]마감및집계조회
우리은행,020,S204,8010,013000,[013000]마감및집계조회
신한은행,021,R210,0212,02,[02]이체불능통보
신한은행,021,R210,0300,20,[20]은행창구입금(무통장포함)
신한은행,021,R210,0300,30,[30]은행창구입금(무통장포함)
신한은행,021,R210,0300,40,[40]은행창구입금(무통장포함)
신한은행,021,R210,0300,51,[51]입금취소
신한은행,021,R210,0800,1,[1]연결은행계좌개설
신한은행,021,R210,0800,2,[2]연결은행계좌변경
신한은행,021,R210,0800,4,[4]연결은행계좌연결해제
신한은행,021,R210,0800,8,[8]장애통보및한도초과통보
신한은행,021,R210,0800,9,[9]장애해제
신한은행,021,R211,0200,5110,[5110]국민주택채권입고
신한은행,021,R211,0200,5150,[5150]중도상환집계조회(응답)
신한은행,021,S210,0100,01,[01]업무개시
신한은행,021,S210,0110,01,[01]업무개시
신한은행,021,S210,0200,02,[02]당행지급이체
신한은행,021,S210,0201,02,[02]타행지급이체
신한은행,021,S210,0210,02,[02]당행지급이체
신한은행,021,S210,0211,02,[02]타행지급이체
신한은행,021,S210,0220,02,[02]입금(입금이체)요구
신한은행,021,S210,0221,02,[02]입금(입금이체)요구
신한은행,021,S210,0610,06,[06]전문(입금이체)처리결과조회
신한은행,021,S210,0611,06,[06]전문(입금이체)처리결과조회
신한은행,021,S210,0630,06,[06]전문(지급이체)처리결과조회
신한은행,021,S210,0631,06,[06]전문(지급이체)처리결과조회
신한은행,021,S210,0660,06,[06]대표계좌한도잔액조회
신한은행,021,S210,0661,06,[06]대표계좌한도잔액조회
신한은행,021,S210,0670,06,[06]은행계좌잔액조회(연결계좌)
신한은행,021,S210,0671,06,[06]은행계좌잔액조회(연결계좌)
신한은행,021,S210,0700,07,[07]은행계좌명조회
신한은행,021,S210,0701,07,[07]은행계좌명조회
신한은행,021,S210,0900,09,[09]회선체크
신한은행,021,S210,0910,09,[09]회선체크
신한은행,021,S210,0920,09,[09]마감및집계조회
신한은행,021,S210,0921,09,[09]마감및집계조회
신한은행,021,S211,0200,5120,[5120]집계조회
신한은행,021,S211,0200,5130,[5130]중도상환출고및취소
신한은행,021,S211,0200,5140,[5140]단가통보(건별)
신한은행,021,S211,0200,5150,[5150]중도상환집계조회
신한은행,021,S211,0200,5160,[5160]단가통보
신한은행,021,S211,0210,5120,[5120]집계조회
신한은행,021,S211,0210,5130,[5130]중도상환출고및취소
신한은행,021,S211,0210,5140,[5140]단가통보(건별)
신한은행,021,S211,0210,5160,[5160]단가통보
신한은행,021,S211,0800,6110,[6110]회선체크
신한은행,021,S211,0810,6110,[6110]회선체크
SC제일은행,023,R023,0200,510,[510]연결은행계좌개설및변경
SC제일은행,023,R023,0200,530,[530]연결은행계좌개설및변경(신규통보)
SC제일은행,023,R023,0200,540,[540]계좌연결해제
SC제일은행,023,R023,0400,518,[518]은행계좌개설취소요구
SC제일은행,023,R023,0700,113,[113]대행업무집계
SC제일은행,023,R023,0700,213,[213]마감및집계조회
SC제일은행,023,R023,0800,101,[101]대행업무개시
SC제일은행,023,R023,0800,102,[102]대행업무종료예고
SC제일은행,023,R023,0800,103,[103]대행업무종료
SC제일은행,023,R023,0800,111,[111]대행업무장애통보
SC제일은행,023,R023,0800,112,[112]대행업무장애해제
SC제일은행,023,R023,0800,211,[211]장애통보및한도초과통보
SC제일은행,023,R023,0800,212,[212]장애해제
SC제일은행,023,S023,0200,630,[630]입금(입금이체)요구
SC제일은행,023,S023,0200,670,[670]은행계좌잔액조회(연결계좌)
SC제일은행,023,S023,0210,630,[630]입금(입금이체)요구
SC제일은행,023,S023,0210,670,[670]은행계좌잔액조회(연결계좌)
SC제일은행,023,S023,0700,213,[213]마감및집계조회
SC제일은행,023,S023,0710,213,[213]마감및집계조회
SC제일은행,023,S023,0800,111,[111]대행업무장애통보
SC제일은행,023,S023,0800,112,[112]대행업무장애해제
SC제일은행,023,S023,0800,201,[201]업무개시
SC제일은행,023,S023,0800,202,[202]업무종료예고
SC제일은행,023,S023,0800,203,[203]업무종료
SC제일은행,023,S023,0800,211,[211]장애통보및한도초과통보
SC제일은행,023,S023,0800,212,[212]장애해제
SC제일은행,023,S023,0810,111,[111]대행업무장애통보
SC제일은행,023,S023,0810,112,[112]대행업무장애해제
SC제일은행,023,S023,0810,201,[201]업무개시
SC제일은행,023,S023,0810,202,[202]업무종료예고
SC제일은행,023,S023,0810,203,[203]업무종료
SC제일은행,023,S023,0810,211,[211]장애통보및한도초과통보
SC제일은행,023,S023,0810,212,[212]장애해제
하나은행,025,R052,1000,999,[999]회선체크
하나은행,025,R052,3000,700,[700]외화송금결과통지거래
하나은행,025,R052,8000,601,[601]외화예금입출금거래명세통지전문
하나은행,025,R052,8000,800,[800]외화송금도착통지전문
하나은행,025,R052,9000,401,[401]외화가상계좌거래내역통지전문
하나은행,025,R250,0100,100,[100]계좌개설통보
하나은행,025,R250,0100,200,[200]거래내역통보
하나은행,025,R250,0100,300,[300]증권정보병경
하나은행,025,R250,0100,400,[400]사고내역통보
하나은행,025,R250,0100,600,[600]계좌해지확인
하나은행,025,R250,0100,800,[800]부도수표내역
하나은행,025,R250,0300,100,[100]증거금및잔액조회
하나은행,025,R250,0800,200,[200]ECHO_TEST
하나은행,025,R250,0800,300,[300]장애통보
하나은행,025,R250,0800,400,[400]장애해제
하나은행,025,R250,0800,500,[500]일일집계
하나은행,025,R251,0200,5110,[5110]국민주택채권입고
하나은행,025,R251,0200,5150,[5150]중도상환집계조회(응답)
하나은행,025,R252,4000,101,[101]예금거래명세통지
하나은행,025,R500,0800,1,[1]연결은행계좌개설
하나은행,025,R500,0800,2,[2]연결은행계좌변경
하나은행,025,R500,0800,4,[4]연결은행계좌연결해제
하나은행,025,R500,0800,5,[5]연결은행계좌개설사전조회
하나은행,025,R500,0900,09,[09]회선체크
하나은행,025,RHN0,DASK,SK,[SK]데이터요구
하나은행,025,RHN1,LINK,NK,[NK]LINK(소켓접속시도)
하나은행,025,S052,1000,100,[100]업무개시거래
하나은행,025,S052,1000,200,[200]업무종료거래
하나은행,025,S052,1100,100,[100]업무개시거래
하나은행,025,S052,1100,200,[200]업무종료거래
하나은행,025,S052,2000,500,[500]외화송금의뢰거래
하나은행,025,S052,2000,600,[600]외화송금의뢰취소거래
하나은행,025,S052,2100,500,[500]외화송금의뢰거래
하나은행,025,S052,2100,600,[600]외화송금의뢰취소거래
하나은행,025,S052,6000,400,[400]외화예금주명조회전문
하나은행,025,S052,6000,450,[450]외화타행수취계좌조회전문
하나은행,025,S052,6100,400,[400]외화예금주명조회전문
하나은행,025,S052,6100,450,[450]외화타행수취계좌조회전문
하나은행,025,S052,7000,900,[900]외화예금잔액조회전문
하나은행,025,S052,7000,950,[950]국내외화송금처리결과조회
하나은행,025,S052,7100,900,[900]외화예금잔액조회전문
하나은행,025,S052,7100,950,[950]국내외화송금처리결과조회
하나은행,025,S052,8000,701,[701]외화예금입출금거래명세통지결번전문
하나은행,025,S052,8000,900,[900]외화송금도착통지결번전문
하나은행,025,S052,8100,701,[701]외화예금입출금거래명세통지결번전문
하나은행,025,S052,8100,900,[900]외화송금도착통지결번전문
하나은행,025,S052,9000,501,[501]외화가상계좌거래내역통지결번요구
하나은행,025,S052,9100,501,[501]외화가상계좌거래내역통지결번요구
하나은행,025,S250,0200,100,[100]수도결제
하나은행,025,S250,0200,200,[200]수도결제결번
하나은행,025,S250,0200,300,[300]DLB거래결번
하나은행,025,S250,0200,500,[500]증거금통보
하나은행,025,S250,0200,600,[600]모계좌잔액조회
하나은행,025,S250,0210,100,[100]수도결제
하나은행,025,S250,0210,200,[200]수도결제결번
하나은행,025,S250,0210,300,[300]DLB거래결번
하나은행,025,S250,0210,500,[500]증거금통보
하나은행,025,S250,0210,600,[600]모계좌잔액조회
하나은행,025,S250,0300,100,[100]증거금및잔액조회
하나은행,025,S250,0310,100,[100]증거금및잔액조회
하나은행,025,S250,0800,100,[100]업무개시
하나은행,025,S250,0800,110,[110]업무개시준비
하나은행,025,S250,0800,200,[200]ECHO_TEST
하나은행,025,S250,0800,300,[300]장애통보
하나은행,025,S250,0800,400,[400]장애해제
하나은행,025,S250,0800,500,[500]일일집계
하나은행,025,S250,0800,600,[600]업무종료
하나은행,025,S250,0800,610,[610]업무종료예고
하나은행,025,S250,0810,100,[100]업무개시
하나은행,025,S250,0810,110,[110]업무개시준비
하나은행,025,S250,0810,200,[200]ECHO_TEST
하나은행,025,S250,0810,300,[300]장애통보
하나은행,025,S250,0810,400,[400]장애해제
하나은행,025,S250,0810,500,[500]일일집계
하나은행,025,S250,0810,600,[600]업무종료
하나은행,025,S250,0810,610,[610]업무종료예고
하나은행,025,S251,0200,5120,[5120]집계조회
하나은행,025,S251,0200,5130,[5130]중도상환출고및취소
하나은행,025,S251,0200,5140,[5140]단가통보(건별)
하나은행,025,S251,0200,5150,[5150]중도상환집계조회
하나은행,025,S251,0200,5160,[5160]단가통보
하나은행,025,S251,0210,5120,[5120]집계조회
하나은행,025,S251,0210,5130,[5130]중도상환출고및취소
하나은행,025,S251,0210,5140,[5140]단가통보(건별)
하나은행,025,S251,0210,5160,[5160]단가통보
하나은행,025,S251,0800,1190,[1190]회선체크
하나은행,025,S251,0810,1190,[1190]회선체크
하나은행,025,S252,1000,100,[100]업무개시
하나은행,025,S252,1000,200,[200]업무종료
하나은행,025,S252,1000,900,[900]회선체크
하나은행,025,S252,1100,100,[100]업무개시
하나은행,025,S252,1100,200,[200]업무종료
하나은행,025,S252,1100,900,[900]회선체크
하나은행,025,S252,2000,101,[101]지급이체
하나은행,025,S252,2100,101,[101]지급이체
하나은행,025,S252,7000,200,[200]잔액조회
하나은행,025,S252,7100,200,[200]잔액조회
하나은행,025,S254,0200,7450,[7450]KYC검증요청등록
하나은행,025,S254,0210,7450,[7450]KYC검증요청등록
하나은행,025,S254,0800,2700,[2700]상태확인
하나은행,025,S254,0810,2700,[2700]상태확인
하나은행,025,S500,0100,01,[01]업무개시
하나은행,025,S500,0102,01,[01]업무종료
하나은행,025,S500,0110,01,[01]업무개시
하나은행,025,S500,0112,01,[01]업무종료
하나은행,025,S500,0200,02,[02]송금(출금및이체송금)
하나은행,025,S500,0210,02,[02]송금(출금및이체송금)
하나은행,025,S500,0220,02,[02]입금(입금이체)요구
하나은행,025,S500,0221,02,[02]입금(입금이체)요구
하나은행,025,S500,0660,06,[06]대표계좌한도잔액조회
하나은행,025,S500,0661,06,[06]대표계좌한도잔액조회
하나은행,025,S500,0670,06,[06]은행계좌잔액조회(연결계좌)
하나은행,025,S500,0671,06,[06]은행계좌잔액조회(연결계좌)
하나은행,025,S500,0920,09,[09]마감및집계조회
하나은행,025,S500,0921,09,[09]마감및집계조회
하나은행,025,SHN0,DATA,TA,[TA]체결내용송신
하나은행,025,SHN1,HTBT,BT,[BT]HTBT(회선체크)
하나은행,025,SHN2,CLSE,SE,[SE]CLSE(세션종료)
한국씨티은행,027,R027,0230,02,[02]은행창구입금(무통장포함)
한국씨티은행,027,R027,0800,1,[1]연결은행계좌개설
한국씨티은행,027,R027,0800,2,[2]연결은행계좌변경
한국씨티은행,027,R027,0800,4,[4]연결은행계좌연결해제
한국씨티은행,027,R027,0800,8,[8]장애통보및한도초과통보
한국씨티은행,027,R027,0800,9,[9]장애해제
한국씨티은행,027,R027,0990,09,[09]회선체크
한국씨티은행,027,S027,0100,01,[01]업무개시
한국씨티은행,027,S027,0102,01,[01]업무종료
한국씨티은행,027,S027,0110,01,[01]업무개시
한국씨티은행,027,S027,0112,01,[01]업무종료
한국씨티은행,027,S027,0200,02,[02]송금(출금및이체송금)
한국씨티은행,027,S027,0210,02,[02]송금(출금및이체송금)
한국씨티은행,027,S027,0220,02,[02]입금(입금이체)요구
한국씨티은행,027,S027,0221,02,[02]입금(입금이체)요구
한국씨티은행,027,S027,0610,06,[06]전문(입금이체)처리결과조회
한국씨티은행,027,S027,0611,06,[06]전문(입금이체)처리결과조회
한국씨티은행,027,S027,0630,06,[06]전문(지급이체)처리결과조회
한국씨티은행,027,S027,0631,06,[06]전문(지급이체)처리결과조회
한국씨티은행,027,S027,0660,06,[06]대표계좌한도잔액조회
한국씨티은행,027,S027,0661,06,[06]대표계좌한도잔액조회
한국씨티은행,027,S027,0670,06,[06]은행계좌잔액조회(연결계좌)
한국씨티은행,027,S027,0671,06,[06]은행계좌잔액조회(연결계좌)
한국씨티은행,027,S027,0700,07,[07]은행계좌명조회
한국씨티은행,027,S027,0701,07,[07]은행계좌명조회
한국씨티은행,027,S027,0920,09,[09]마감및집계조회
한국씨티은행,027,S027,0921,09,[09]마감및집계조회
iM뱅크,031,R311,0800,1,[1]연결은행계좌개설
iM뱅크,031,R311,0800,2,[2]연결은행계좌변경
iM뱅크,031,R311,0800,4,[4]연결은행계좌연결해제
iM뱅크,031,S311,0100,01,[01]업무개시
iM뱅크,031,S311,0102,01,[01]업무종료
iM뱅크,031,S311,0110,01,[01]업무개시
iM뱅크,031,S311,0112,01,[01]업무종료
iM뱅크,031,S311,0220,02,[02]입금(입금이체)요구
iM뱅크,031,S311,0221,02,[02]입금(입금이체)요구
iM뱅크,031,S311,0660,06,[06]대표계좌한도잔액조회
iM뱅크,031,S311,0661,06,[06]대표계좌한도잔액조회
iM뱅크,031,S311,0670,06,[06]은행계좌잔액조회(연결계좌)
iM뱅크,031,S311,0671,06,[06]은행계좌잔액조회(연결계좌)
iM뱅크,031,S311,0711,07,[07]타행상태
iM뱅크,031,S311,0920,09,[09]마감및집계조회
iM뱅크,031,S311,0921,09,[09]마감및집계조회
iM뱅크,031,S311,0990,09,[09]회선체크
iM뱅크,031,S311,0991,09,[09]회선체크
부산은행,032,RPS0,0800,1,[1]연결은행계좌개설
부산은행,032,RPS0,0800,2,[2]연결은행계좌변경
부산은행,032,RPS0,0800,4,[4]연결은행계좌연결해제
부산은행,032,SPS0,0100,01,[01]업무개시
부산은행,032,SPS0,0102,01,[01]업무종료
부산은행,032,SPS0,0110,01,[01]업무개시
부산은행,032,SPS0,0112,01,[01]업무종료
부산은행,032,SPS0,0220,02,[02]입금(입금이체)요구
부산은행,032,SPS0,0221,02,[02]입금(입금이체)요구
부산은행,032,SPS0,0670,06,[06]은행계좌잔액조회(연결계좌)
부산은행,032,SPS0,0671,06,[06]은행계좌잔액조회(연결계좌)
부산은행,032,SPS0,0920,09,[09]마감및집계조회
부산은행,032,SPS0,0921,09,[09]마감및집계조회
광주은행,034,RGJ0,0200,6811,[6811]증권계좌신규요구
광주은행,034,RGJ0,0200,6842,[6842]비밀번호변경요청
광주은행,034,RGJ0,0200,6860,[6860]증권계좌해지통보
광주은행,034,RGJ0,0800,1150,[1150]장애통보
광주은행,034,RGJ0,0800,1151,[1151]장애해제
광주은행,034,SGJ0,0700,8110,[8110]전체집계전문
광주은행,034,SGJ0,0710,8110,[8110]전체집계전문
광주은행,034,SGJ0,0800,1110,[1110]업무개시
광주은행,034,SGJ0,0800,1120,[1120]업무재개시
광주은행,034,SGJ0,0800,1130,[1130]업무종료예고
광주은행,034,SGJ0,0800,1140,[1140]업무종료
광주은행,034,SGJ0,0800,1150,[1150]장애통보
광주은행,034,SGJ0,0800,1151,[1151]장애해제
광주은행,034,SGJ0,0800,1160,[1160]테스트콜
광주은행,034,SGJ0,0810,1110,[1110]업무개시
광주은행,034,SGJ0,0810,1120,[1120]업무재개시
광주은행,034,SGJ0,0810,1130,[1130]업무종료예고
광주은행,034,SGJ0,0810,1140,[1140]업무종료
광주은행,034,SGJ0,0810,1150,[1150]장애통보
광주은행,034,SGJ0,0810,1151,[1151]장애해제
광주은행,034,SGJ0,0810,1160,[1160]테스트콜
BNK경남은행,039,R390,1100,2100,[2100]증권계좌개설
BNK경남은행,039,R390,1100,2300,[2300]계좌정보 변경
BNK경남은행,039,R390,1100,2400,[2400]계좌연결해제
BNK경남은행,039,S390,0700,7100,[7100]마감집계조회
BNK경남은행,039,S390,0700,7300,[7300]계좌유지수수료
BNK경남은행,039,S390,0710,7100,[7100]마감집계조회
BNK경남은행,039,S390,0710,7300,[7300]계좌유지수수료
BNK경남은행,039,S390,0800,1100,[1100]업무개시
BNK경남은행,039,S390,0800,1190,[1190]회선체크
BNK경남은행,039,S390,0800,1200,[1200]업무재개시
BNK경남은행,039,S390,0800,1400,[1400]업무종료예고
BNK경남은행,039,S390,0800,1500,[1500]업무종료
BNK경남은행,039,S390,0800,1600,[1600]장애등록
BNK경남은행,039,S390,0800,1700,[1700]장애해제
BNK경남은행,039,S390,0810,1100,[1100]업무개시
BNK경남은행,039,S390,0810,1190,[1190]회선체크
BNK경남은행,039,S390,0810,1200,[1200]업무재개시
BNK경남은행,039,S390,0810,1400,[1400]업무종료예고
BNK경남은행,039,S390,0810,1500,[1500]업무종료
BNK경남은행,039,S390,0810,1600,[1600]장애등록
BNK경남은행,039,S390,0810,1700,[1700]장애해제
BNK경남은행,039,S390,2100,5700,[5700]은행계좌잔액조회
BNK경남은행,039,S390,2110,5700,[5700]은행계좌잔액조회
BNK경남은행,039,S390,2200,5500,[5500]입금요구
BNK경남은행,039,S390,2210,5500,[5500]입금요구
MG새마을금고,045,R450,1100,2100,[2100]연결계좌개설
MG새마을금고,045,R450,1100,2300,[2300]계좌정보변경(비밀번호)
MG새마을금고,045,R450,1100,2400,[2400]계좌연결해제
MG새마을금고,045,S450,0800,1100,[1100]업무개시
MG새마을금고,045,S450,0800,1400,[1400]종료예고
MG새마을금고,045,S450,0800,1500,[1500]업무종료
MG새마을금고,045,S450,0800,1750,[1750]회선체크
MG새마을금고,045,S450,0800,7100,[7100]집계전문
MG새마을금고,045,S450,0810,1100,[1100]업무개시
MG새마을금고,045,S450,0810,1400,[1400]종료예고
MG새마을금고,045,S450,0810,1500,[1500]업무종료
MG새마을금고,045,S450,0810,1750,[1750]회선체크
MG새마을금고,045,S450,0810,7100,[7100]집계전문
MG새마을금고,045,S450,2100,5700,[5700]잔액조회
MG새마을금고,045,S450,2110,5700,[5700]잔액조회
MG새마을금고,045,S450,2200,5500,[5500]입금요청전문
MG새마을금고,045,S450,2210,5500,[5500]입금요청전문
한화생명,051,R510,0200,0010,[0010]거래내역조회
한화생명,051,R510,0200,0020,[0020]모계좌 잔액조회
한화생명,051,R510,0200,0030,[0030]모계좌 이체처리
한화생명,051,R510,0200,0100,[0100]신규대출승인
한화생명,051,R510,0200,0400,[0400]이자수납처리
한화생명,051,R510,0200,0600,[0600]감액처리
한화생명,051,R510,0200,0700,[0700]만기해지처리
한화생명,051,R510,0400,0100,[0100]신규대출승인취소
한화생명,051,R510,0400,0400,[0400]이자수납처리취소
한화생명,051,R510,0700,0100,[0100]집계전문
한화생명,051,R510,0800,0888,[0888]장애해제
한화생명,051,R510,0800,0999,[0999]장애등록
한화생명,051,S510,0200,0200,[0200]추가대출처리
한화생명,051,S510,0200,0300,[0300]원금상환처리
한화생명,051,S510,0200,0310,[0310]이자계산조회
한화생명,051,S510,0210,0200,[0200]추가대출처리
한화생명,051,S510,0210,0300,[0300]원금상환처리
한화생명,051,S510,0210,0310,[0310]이자계산조회
한화생명,051,S510,0400,0200,[0200]추가대출처리취소
한화생명,051,S510,0400,0300,[0300]원금상환처리취소
한화생명,051,S510,0410,0200,[0200]추가대출처리취소
한화생명,051,S510,0410,0300,[0300]원금상환처리취소
한화생명,051,S510,0800,0100,[0100]업무개시
한화생명,051,S510,0800,0200,[0200]업무종료
한화생명,051,S510,0800,0777,[0777]회선체크
한화생명,051,S510,0800,0888,[0888]장애해제
한화생명,051,S510,0800,0999,[0999]장애등록
한화생명,051,S510,0810,0100,[0100]업무개시
한화생명,051,S510,0810,0200,[0200]업무종료
한화생명,051,S510,0810,0777,[0777]회선체크
한화생명,051,S510,0810,0888,[0888]장애해제
한화생명,051,S510,0810,0999,[0999]장애등록
웹케시,065,C650,0610,1000,[1000]보유계좌목록조회
웹케시,065,C650,0610,1200,[1200]위탁계좌조회
웹케시,065,C650,0610,3110,[3110]MMF잔고조회
웹케시,065,C650,0610,3120,[3120]수익증권잔고조회
웹케시,065,C650,0610,3200,[3200]CP잔고조회
웹케시,065,C650,0610,3300,[3300]ELS잔고조회
웹케시,065,C650,0610,3310,[3310]채권잔고조회
웹케시,065,C650,0610,3320,[3320]RP잔고조회
웹케시,065,C650,0610,3330,[3330]CMA잔고조회
웹케시,065,C650,0610,3340,[3340]MMW잔고조회
웹케시,065,C650,0610,3910,[3910]신탁(MMT)잔고조회
웹케시,065,C650,0610,3950,[3950]선물잔고조회
웹케시,065,C650,0610,5000,[5000]통합거래내역조회
웹케시,065,C650,0610,5100,[5100]MMF수익증권거래내역조회
웹케시,065,C650,0610,5110,[5110]MMF수익증권매매계산서조회
웹케시,065,C650,0610,5200,[5200]CP거래내역조회
웹케시,065,C650,0610,5340,[5340]MMW거래내역조회
웹케시,065,R650,0200,1000,[1000]로그인(사용자인증)
웹케시,065,R650,0200,2000,[2000]사용자 비밀번호 변경
웹케시,065,R650,0400,1100,[1100]MMF수익증권매매신청및취소
웹케시,065,R650,0600,1000,[1000]보유계좌목록조회
웹케시,065,R650,0600,1002,[1002]계좌평가금액조회
웹케시,065,R650,0600,1100,[1100]MMF수익증권계좌조회
웹케시,065,R650,0600,1200,[1200]위탁계좌조회
웹케시,065,R650,0600,3110,[3110]MMF잔고조회
웹케시,065,R650,0600,3120,[3120]수익증권잔고조회
웹케시,065,R650,0600,3200,[3200]CP잔고조회
웹케시,065,R650,0600,3300,[3300]ELS잔고조회
웹케시,065,R650,0600,3310,[3310]채권잔고조회
웹케시,065,R650,0600,3320,[3320]RP잔고조회
웹케시,065,R650,0600,3330,[3330]CMA잔고조회
웹케시,065,R650,0600,3340,[3340]MMW잔고조회
웹케시,065,R650,0600,3910,[3910]신탁(MMT)잔고조회
웹케시,065,R650,0600,3950,[3950]선물잔고조회
웹케시,065,R650,0600,5000,[5000]통합거래내역조회
웹케시,065,R650,0600,5100,[5100]MMF수익증권거래내역조회
웹케시,065,R650,0600,5110,[5110]MMF수익증권매매계산서조회
웹케시,065,R650,0600,5200,[5200]CP거래내역조회
웹케시,065,R650,0600,5340,[5340]MMW거래내역조회
웹케시,065,R650,0600,7100,[7100]MMF수익증권매매신청및취소 내역조회
웹케시,065,R650,0700,1100,[1100]MMF수익증권 매매신청 집계조회(기업체요청)
웹케시,065,R650,0800,1000,[1000]업무개시전문
웹케시,065,R650,0800,2000,[2000]암호화 key교환전문
웹케시,065,R650,0800,2100,[2100]암호화에러응답용전문
웹케시,065,R650,0800,3000,[3000]업무종료전문
웹케시,065,R650,0800,4000,[4000]Test Call 요청
웹케시,065,R650,0800,4100,[4100]POLLING
웹케시,065,S650,0400,1110,[1110]MMF수익증권매매신청및취소 접수통보
웹케시,065,S650,0410,1110,[1110]MMF수익증권매매신청및취소 접수통보
웹케시,065,S650,0500,1100,[1100]MMF수익증권 상품제안서 등록
웹케시,065,S650,0500,1110,[1110]MMF수익증권 판매정보 등록
웹케시,065,S650,0510,1100,[1100]MMF수익증권 상품제안서 등록
웹케시,065,S650,0510,1110,[1110]MMF수익증권 판매정보 등록
웹케시,065,S650,0700,1110,[1110]MMF수익증권매매신청 집계조회(증권사요청)
웹케시,065,S650,0710,1110,[1110]MMF수익증권매매신청 집계조회(증권사요청)
웹케시,065,S650,0800,0001,[0001]접속개시
웹케시,065,S650,0810,0001,[0001]접속개시
한국증권금융,067,SKS0,S001,T00001,[T00001]토큰발급
한국증권금융,067,SKS0,S002,T00001,[T00001]계좌 목록 조회(잔액)
한국증권금융,067,SKS0,S002,T00002,[T00002]계좌 기본정보 조회(수시입출금)
한국증권금융,067,SKS0,S002,T00003,[T00003]수시출금 신청
한국증권금융,067,SKS0,S002,T00004,[T00004]마감후입금신청
한국증권금융,067,SKS0,S002,T00005,[T00005]수시입출금 취소
한국증권금융,067,SKS0,S002,T00006,[T00006]수시입출금 신청내역 조회
한국증권금융,067,SKS0,S002,T00007,[T00007]마감변동분 신청
한국증권금융,067,SKS0,S002,T00008,[T00008]마감변동분 취소
한국증권금융,067,SKS0,S002,T00009,[T00009]마감변동분 신청내역 조회
한국증권금융,067,SKS0,S002,T00010,[T00010]계좌 기본정보 조회(마감변동분)
서울외국환중개,069,R690,0200,00,[00]원달러 Auto-Feeding
서울외국환중개,069,R690,0900,99,[99]업무종료
서울외국환중개,069,S690,0900,01,[01]업무개시
서울외국환중개,069,S690,0900,02,[02]업무재개시
서울외국환중개,069,S690,0900,81,[81]회선시험요구
서울외국환중개,069,S690,0910,01,[01]업무개시
서울외국환중개,069,S690,0910,02,[02]업무재개시
서울외국환중개,069,S690,0910,81,[81]회선시험요구
우체국예금,071,RUB0,0200,2200,[2200]증권계좌입금
우체국예금,071,RUB0,0200,2300,[2300]증권계좌출금(CD기)
우체국예금,071,RUB0,0200,2710,[2710]증권계좌개설
우체국예금,071,RUB0,0200,2720,[2720]증권계좌해지
우체국예금,071,RUB0,0200,2730,[2730]임시접속비밀번호등록(주택개설)
우체국예금,071,RUB0,0200,2740,[2740]증권제휴카드발급
우체국예금,071,RUB0,0200,2800,[2800]부도출금
우체국예금,071,RUB0,0600,6300,[6300]증권계좌잔액조회(CD기)
우체국예금,071,RUB0,0600,6410,[6410]증권입금계좌수취조회
우체국예금,071,RUB0,0600,6420,[6420]증권출금계좌수취조회
우체국예금,071,RUB0,0800,8500,[8500]장애통보
우체국예금,071,RUB0,0800,8600,[8600]장애해제
우체국예금,071,RUB0,5400,5200,[5200]증권계좌입금취소
우체국예금,071,RUB0,5400,5300,[5300]증권계좌출금취소(CD기)
우체국예금,071,RUB0,5400,5740,[5740]증권제휴카드발급취소
우체국예금,071,RUB0,5400,5800,[5800]부도출금취소
우체국예금,071,SUB0,0700,7100,[7100]집계전문
우체국예금,071,SUB0,0700,7200,[7200]수수료관리전문(계좌유지수수료)
우체국예금,071,SUB0,0710,7100,[7100]집계전문
우체국예금,071,SUB0,0710,7200,[7200]수수료관리전문(계좌유지수수료)
우체국예금,071,SUB0,0800,8100,[8100]업무개시
우체국예금,071,SUB0,0800,8200,[8200]업무재개시
우체국예금,071,SUB0,0800,8300,[8300]업무종료예고
우체국예금,071,SUB0,0800,8400,[8400]업무종료
우체국예금,071,SUB0,0800,8500,[8500]장애통보
우체국예금,071,SUB0,0800,8600,[8600]장애해제통보
우체국예금,071,SUB0,0800,8800,[8800]TESTCALL
우체국예금,071,SUB0,0810,8100,[8100]업무개시
우체국예금,071,SUB0,0810,8200,[8200]업무재개시
우체국예금,071,SUB0,0810,8300,[8300]업무종료예고
우체국예금,071,SUB0,0810,8400,[8400]업무종료
우체국예금,071,SUB0,0810,8500,[8500]장애통보
우체국예금,071,SUB0,0810,8600,[8600]장애해제통보
우체국예금,071,SUB0,0810,8800,[8800]TESTCALL
토스뱅크,092,RTS0,0100,2300,[2300]거래집계조회
토스뱅크,092,RTS0,0300,6000,[6000]계좌개설요청
토스뱅크,092,RTS0,0300,6200,[6200]계좌연결끊기취소
토스뱅크,092,RTS0,0300,6500,[6500]계좌개설확인
토스뱅크,092,RTS0,0300,6600,[6600]고객혜택제공정보조회
토스뱅크,092,RTS0,0500,7100,[7100]신분증모니터링결과통지
토스뱅크,092,RTS0,0800,1500,[1500]TESTCALL
토스뱅크,092,STS0,0100,2100,[2100]잔액조회
토스뱅크,092,STS0,0100,2200,[2200]모계좌잔액조회
토스뱅크,092,STS0,0100,2300,[2300]거래집계조회
토스뱅크,092,STS0,0110,2100,[2100]잔액조회
토스뱅크,092,STS0,0110,2200,[2200]모계좌잔액조회
토스뱅크,092,STS0,0110,2300,[2300]거래집계조회
토스뱅크,092,STS0,0200,3000,[3000]이체요청
토스뱅크,092,STS0,0200,3100,[3100]가져오기이체
토스뱅크,092,STS0,0210,3000,[3000]이체요청
토스뱅크,092,STS0,0210,3100,[3100]가져오기이체
토스뱅크,092,STS0,0300,6200,[6200]계좌연결끊기(취소)
토스뱅크,092,STS0,0300,6300,[6300]계좌개설결과통지
토스뱅크,092,STS0,0310,6200,[6200]계좌연결끊기(취소)
토스뱅크,092,STS0,0310,6300,[6300]계좌개설결과통지
토스뱅크,092,STS0,0500,7000,[7000]거래내역추가메시지통지
토스뱅크,092,STS0,0500,7100,[7100]신분증모니터링결과통지
토스뱅크,092,STS0,0510,7000,[7000]거래내역추가메시지통지
토스뱅크,092,STS0,0510,7100,[7100]신분증모니터링결과통지
토스뱅크,092,STS0,0800,1000,[1000]업무개시
토스뱅크,092,STS0,0800,1100,[1100]종료예고
토스뱅크,092,STS0,0800,1200,[1200]종료
토스뱅크,092,STS0,0800,1300,[1300]시스템장애
토스뱅크,092,STS0,0800,1400,[1400]시스템장애회복
토스뱅크,092,STS0,0800,1500,[1500]TESTCALL
토스뱅크,092,STS0,0810,1000,[1000]업무개시
토스뱅크,092,STS0,0810,1100,[1100]종료예고
토스뱅크,092,STS0,0810,1200,[1200]종료
토스뱅크,092,STS0,0810,1300,[1300]시스템장애
토스뱅크,092,STS0,0810,1400,[1400]시스템장애회복
토스뱅크,092,STS0,0810,1500,[1500]TESTCALL
전북은행,115,RJB0,1100,2100,[2100]증권계좌개설
전북은행,115,RJB0,1100,2300,[2300]계좌정보 변경
전북은행,115,RJB0,1100,2400,[2400]계좌연결해제
전북은행,115,SJB0,0700,7100,[7100]마감집계조회
전북은행,115,SJB0,0700,7300,[7300]계좌유지수수료
전북은행,115,SJB0,0710,7100,[7100]마감집계조회
전북은행,115,SJB0,0710,7300,[7300]계좌유지수수료
전북은행,115,SJB0,0800,1100,[1100]업무개시
전북은행,115,SJB0,0800,1200,[1200]업무재개시
전북은행,115,SJB0,0800,1400,[1400]업무종료예고
전북은행,115,SJB0,0800,1500,[1500]업무종료
전북은행,115,SJB0,0800,1600,[1600]장애등록
전북은행,115,SJB0,0800,1700,[1700]장애해제
전북은행,115,SJB0,0800,9999,[9999]회선체크
전북은행,115,SJB0,0810,1100,[1100]업무개시
전북은행,115,SJB0,0810,1200,[1200]업무재개시
전북은행,115,SJB0,0810,1400,[1400]업무종료예고
전북은행,115,SJB0,0810,1500,[1500]업무종료
전북은행,115,SJB0,0810,1600,[1600]장애등록
전북은행,115,SJB0,0810,1700,[1700]장애해제
전북은행,115,SJB0,0810,9999,[9999]회선체크
전북은행,115,SJB0,2100,5700,[5700]은행계좌잔액조회
전북은행,115,SJB0,2110,5700,[5700]은행계좌잔액조회
전북은행,115,SJB0,2200,5500,[5500]입금요구
전북은행,115,SJB0,2210,5500,[5500]입금요구
카카오뱅크,146,RKO0,0100,2300,[2300]거래집계조회
카카오뱅크,146,RKO0,0300,6000,[6000]계좌개설요청
카카오뱅크,146,RKO0,0300,6200,[6200]계좌연결끊기취소
카카오뱅크,146,RKO0,0300,6500,[6500]계좌개설확인
카카오뱅크,146,RKO0,0300,6600,[6600]고객혜택제공정보조회
카카오뱅크,146,RKO0,0500,7100,[7100]신분증모니터링결과통지
카카오뱅크,146,SKO0,0100,2100,[2100]잔액조회
카카오뱅크,146,SKO0,0100,2200,[2200]모계좌잔액조회
카카오뱅크,146,SKO0,0100,2300,[2300]거래집계조회
카카오뱅크,146,SKO0,0110,2100,[2100]잔액조회
카카오뱅크,146,SKO0,0110,2200,[2200]모계좌잔액조회
카카오뱅크,146,SKO0,0110,2300,[2300]거래집계조회
카카오뱅크,146,SKO0,0200,3000,[3000]이체요청
카카오뱅크,146,SKO0,0200,3100,[3100]가져오기이체
카카오뱅크,146,SKO0,0210,3000,[3000]이체요청
카카오뱅크,146,SKO0,0210,3100,[3100]가져오기이체
카카오뱅크,146,SKO0,0300,6200,[6200]계좌연결끊기(취소)
카카오뱅크,146,SKO0,0300,6300,[6300]계좌개설결과통지
카카오뱅크,146,SKO0,0310,6200,[6200]계좌연결끊기(취소)
카카오뱅크,146,SKO0,0310,6300,[6300]계좌개설결과통지
카카오뱅크,146,SKO0,0500,7000,[7000]거래내역추가메시지통지
카카오뱅크,146,SKO0,0500,7100,[7100]신분증모니터링결과통지
카카오뱅크,146,SKO0,0510,7000,[7000]거래내역추가메시지통지
카카오뱅크,146,SKO0,0510,7100,[7100]신분증모니터링결과통지
카카오뱅크,146,SKO0,0800,1000,[1000]업무개시
카카오뱅크,146,SKO0,0800,1100,[1100]종료예고
카카오뱅크,146,SKO0,0800,1200,[1200]종료
카카오뱅크,146,SKO0,0800,1300,[1300]시스템장애
카카오뱅크,146,SKO0,0800,1400,[1400]시스템장애회복
카카오뱅크,146,SKO0,0800,1500,[1500]TESTCALL
카카오뱅크,146,SKO0,0810,1000,[1000]업무개시
카카오뱅크,146,SKO0,0810,1100,[1100]종료예고
카카오뱅크,146,SKO0,0810,1200,[1200]종료
카카오뱅크,146,SKO0,0810,1300,[1300]시스템장애
카카오뱅크,146,SKO0,0810,1400,[1400]시스템장애회복
카카오뱅크,146,SKO0,0810,1500,[1500]TESTCALL
케이뱅크,169,RKN0,0500,8100,[8100]채권정보조회
케이뱅크,169,RKN0,0800,1100,[1100]업무개시
케이뱅크,169,RKN0,0800,1200,[1200]재개시
케이뱅크,169,RKN0,0800,1600,[1600]장애등록
케이뱅크,169,RKN0,0800,1700,[1700]장애해제
케이뱅크,169,RKN0,1100,2100,[2100]계좌개설
케이뱅크,169,RKN0,1100,2400,[2400]계좌연결해제
케이뱅크,169,RKN0,1100,2500,[2500]주의사고
케이뱅크,169,RKN0,1100,2800,[2800]계좌개설정보조회
케이뱅크,169,RKN0,1100,2900,[2900]고객혜택정보조회(실명번호)
케이뱅크,169,RKN0,1100,3000,[3000]고객혜택정보조회(CI)
케이뱅크,169,SKN0,0700,7200,[7200]마감집계전문
케이뱅크,169,SKN0,0700,7500,[7500]수수료집계정보전송
케이뱅크,169,SKN0,0710,7200,[7200]마감집계전문
케이뱅크,169,SKN0,0710,7500,[7500]수수료집계정보전송
케이뱅크,169,SKN0,0800,1100,[1100]업무개시
케이뱅크,169,SKN0,0800,1200,[1200]재개시
케이뱅크,169,SKN0,0800,1400,[1400]종료예고
케이뱅크,169,SKN0,0800,1500,[1500]업무종료
케이뱅크,169,SKN0,0800,1600,[1600]장애등록
케이뱅크,169,SKN0,0800,1700,[1700]장애해제
케이뱅크,169,SKN0,0810,1100,[1100]업무개시
케이뱅크,169,SKN0,0810,1200,[1200]재개시
케이뱅크,169,SKN0,0810,1400,[1400]종료예고
케이뱅크,169,SKN0,0810,1500,[1500]업무종료
케이뱅크,169,SKN0,0810,1600,[1600]장애등록
케이뱅크,169,SKN0,0810,1700,[1700]장애해제
케이뱅크,169,SKN0,1100,2400,[2400]계좌연결해제
케이뱅크,169,SKN0,1110,2400,[2400]계좌연결해제
케이뱅크,169,SKN0,2100,5800,[5800]잔액조회(고객용)
케이뱅크,169,SKN0,2100,5900,[5900]잔액조회(모계좌)
케이뱅크,169,SKN0,2110,5800,[5800]잔액조회(고객용)
케이뱅크,169,SKN0,2110,5900,[5900]잔액조회(모계좌)
케이뱅크,169,SKN0,2200,5500,[5500]리얼타임 입금(고객용)
케이뱅크,169,SKN0,2210,5500,[5500]리얼타임 입금(고객용)
